2026-10-01T06:40:38.4353644Z Current runner version: '2.337.0'
2026-10-01T06:40:38.4387080Z ##[group]Runner Image Provisioner
2026-10-01T06:40:38.4388360Z Hosted Compute Agent
2026-10-01T06:40:38.4389427Z Version: 20260901.588
2026-10-01T06:40:38.4390779Z Commit: f88ec8081b781fac6c440065ac7ff9e710ce3d0b
2026-10-01T06:40:38.4392029Z Build Date: 2026-09-01T19:56:44Z
2026-10-01T06:40:38.4393218Z Worker ID: {5f57ad75-6539-4dcf-b0e0-4322279ba735}
2026-10-01T06:40:38.4394439Z Azure Region: eastus
2026-10-01T06:40:38.4395416Z ##[endgroup]
2026-10-01T06:40:38.4397866Z ##[group]Operating System
2026-10-01T06:40:38.4398859Z Ubuntu
2026-10-01T06:40:38.4400071Z 24.04.5
2026-10-01T06:40:38.4400937Z LTS
2026-10-01T06:40:38.4402434Z ##[endgroup]
2026-10-01T06:40:38.4403331Z ##[group]Runner Image
2026-10-01T06:40:38.4404338Z Image: ubuntu-24.04
2026-10-01T06:40:38.4405338Z Version: 20260927.320.1
2026-10-01T06:40:38.4407452Z Included Software: https://github.com/actions/runner-images/blob/ubuntu24/20260927.320/images/ubuntu/Ubuntu2404-Readme.md
2026-10-01T06:40:38.4410471Z Image Release: https://github.com/actions/runner-images/releases/tag/ubuntu24%2F20260927.320
2026-10-01T06:40:38.4412459Z ##[endgroup]
2026-10-01T06:40:38.4414223Z ##[group]GITHUB_TOKEN Permissions
2026-10-01T06:40:38.4417181Z Contents: read
2026-10-01T06:40:38.4418105Z Metadata: read
2026-10-01T06:40:38.4419067Z ##[endgroup]
2026-10-01T06:40:38.4422375Z Secret source: Actions
2026-10-01T06:40:38.4423965Z Cache mode: write
2026-10-01T06:40:38.4425431Z Prepare workflow directory
2026-10-01T06:40:38.4767969Z Prepare all required actions
2026-10-01T06:40:38.4816787Z Getting action download info
2026-10-01T06:40:38.7203401Z Download action repository 'actions/checkout@d23441a48e516b6c34aea4fa41551a30e30af803' (SHA:d23441a48e516b6c34aea4fa41551a30e30af803)
2026-10-01T06:40:38.8091350Z Download action repository 'actions/setup-node@249970729cb0ef3589644e2896645e5dc5ba9c38' (SHA:249970729cb0ef3589644e2896645e5dc5ba9c38)
2026-10-01T06:40:38.9675385Z Download action repository 'actions/upload-artifact@ea165f8d65b6e75b540449e92b4886f43607fa02' (SHA:ea165f8d65b6e75b540449e92b4886f43607fa02)
2026-10-01T06:40:39.1765017Z Complete job name: Browser journeys (journeys 1/3)
2026-10-01T06:40:39.2520291Z ##[group]Run actions/checkout@d23441a48e516b6c34aea4fa41551a30e30af803
2026-10-01T06:40:39.2521542Z with:
2026-10-01T06:40:39.2522039Z   repository: Cheolhwi/equalpath-web
2026-10-01T06:40:39.2525708Z   token: ***
2026-10-01T06:40:39.2526138Z   ssh-strict: true
2026-10-01T06:40:39.2526565Z   ssh-user: git
2026-10-01T06:40:39.2527001Z   persist-credentials: true
2026-10-01T06:40:39.2527484Z   clean: true
2026-10-01T06:40:39.2527925Z   sparse-checkout-cone-mode: true
2026-10-01T06:40:39.2528433Z   fetch-depth: 1
2026-10-01T06:40:39.2528861Z   fetch-tags: false
2026-10-01T06:40:39.2529294Z   show-progress: true
2026-10-01T06:40:39.2529911Z   lfs: false
2026-10-01T06:40:39.2530330Z   submodules: false
2026-10-01T06:40:39.2530767Z   set-safe-directory: true
2026-10-01T06:40:39.2531260Z   allow-unsafe-pr-checkout: false
2026-10-01T06:40:39.2532125Z ##[endgroup]
2026-10-01T06:40:39.3545962Z Syncing repository: Cheolhwi/equalpath-web
2026-10-01T06:40:39.3548631Z ##[group]Getting Git version info
2026-10-01T06:40:39.3550096Z Working directory is '/home/runner/work/equalpath-web/equalpath-web'
2026-10-01T06:40:39.3551882Z [command]/usr/bin/git version
2026-10-01T06:40:39.3590524Z git version 2.55.0
2026-10-01T06:40:39.3614949Z ##[endgroup]
2026-10-01T06:40:39.3631083Z Temporarily overriding HOME='/home/runner/work/_temp/b630b7dd-1e36-47e5-b9f1-452647158d3c' before making global git config changes
2026-10-01T06:40:39.3633444Z Adding repository directory to the temporary git global config as a safe directory
2026-10-01T06:40:39.3635566Z [command]/usr/bin/git config --global --add safe.directory /home/runner/work/equalpath-web/equalpath-web
2026-10-01T06:40:39.3689280Z Deleting the contents of '/home/runner/work/equalpath-web/equalpath-web'
2026-10-01T06:40:39.3694225Z ##[group]Determining repository object format
2026-10-01T06:40:39.3696489Z ##[endgroup]
2026-10-01T06:40:39.3697615Z ##[group]Initializing the repository
2026-10-01T06:40:39.3702256Z [command]/usr/bin/git init /home/runner/work/equalpath-web/equalpath-web
2026-10-01T06:40:39.3795621Z hint: Using 'master' as the name for the initial branch. This default branch name
2026-10-01T06:40:39.3797304Z hint: will change to "main" in Git 3.0. To configure the initial branch name
2026-10-01T06:40:39.3798708Z hint: to use in all of your new repositories, which will suppress this warning,
2026-10-01T06:40:39.3800627Z hint: call:
2026-10-01T06:40:39.3801650Z hint:
2026-10-01T06:40:39.3802644Z hint: 	git config --global init.defaultBranch <name>
2026-10-01T06:40:39.3803812Z hint:
2026-10-01T06:40:39.3804908Z hint: Names commonly chosen instead of 'master' are 'main', 'trunk' and
2026-10-01T06:40:39.3806666Z hint: 'development'. The just-created branch can be renamed via this command:
2026-10-01T06:40:39.3807989Z hint:
2026-10-01T06:40:39.3808718Z hint: 	git branch -m <name>
2026-10-01T06:40:39.3809619Z hint:
2026-10-01T06:40:39.3810863Z hint: Disable this message with "git config set advice.defaultBranchName false"
2026-10-01T06:40:39.3811999Z Initialized empty Git repository in /home/runner/work/equalpath-web/equalpath-web/.git/
2026-10-01T06:40:39.3816245Z [command]/usr/bin/git remote add origin https://github.com/Cheolhwi/equalpath-web
2026-10-01T06:40:39.3863406Z ##[endgroup]
2026-10-01T06:40:39.3864731Z ##[group]Disabling automatic garbage collection
2026-10-01T06:40:39.3868339Z [command]/usr/bin/git config --local gc.auto 0
2026-10-01T06:40:39.3919631Z ##[endgroup]
2026-10-01T06:40:39.3933249Z ##[group]Setting up auth
2026-10-01T06:40:39.3934473Z Removing SSH command configuration
2026-10-01T06:40:39.3936039Z [command]/usr/bin/git config --local --name-only --get-regexp core\.sshCommand
2026-10-01T06:40:39.3981340Z [command]/usr/bin/git submodule foreach --recursive sh -c "git config --local --name-only --get-regexp 'core\.sshCommand' && git config --local --unset-all 'core.sshCommand' || :"
2026-10-01T06:40:39.4443924Z Removing HTTP extra header
2026-10-01T06:40:39.4448923Z [command]/usr/bin/git config --local --name-only --get-regexp http\.https\:\/\/github\.com\/\.extraheader
2026-10-01T06:40:39.4499939Z [command]/usr/bin/git submodule foreach --recursive sh -c "git config --local --name-only --get-regexp 'http\.https\:\/\/github\.com\/\.extraheader' && git config --local --unset-all 'http.https://github.com/.extraheader' || :"
2026-10-01T06:40:39.4764495Z Removing includeIf entries pointing to credentials config files
2026-10-01T06:40:39.4774992Z [command]/usr/bin/git config --local --name-only --get-regexp ^includeIf\.gitdir:
2026-10-01T06:40:39.4831292Z [command]/usr/bin/git submodule foreach --recursive git config --local --show-origin --name-only --get-regexp remote.origin.url
2026-10-01T06:40:39.5061346Z [command]/usr/bin/git config --file /home/runner/work/_temp/git-credentials-9643b199-c43a-4135-b9de-6e452feb1c75.config http.https://github.com/.extraheader AUTHORIZATION: basic ***
2026-10-01T06:40:39.5108367Z [command]/usr/bin/git config --local includeIf.gitdir:/home/runner/work/equalpath-web/equalpath-web/.git.path /home/runner/work/_temp/git-credentials-9643b199-c43a-4135-b9de-6e452feb1c75.config
2026-10-01T06:40:39.5154238Z [command]/usr/bin/git config --local includeIf.gitdir:/home/runner/work/equalpath-web/equalpath-web/.git/worktrees/*.path /home/runner/work/_temp/git-credentials-9643b199-c43a-4135-b9de-6e452feb1c75.config
2026-10-01T06:40:39.5193426Z [command]/usr/bin/git config --local includeIf.gitdir:/github/workspace/.git.path /github/runner_temp/git-credentials-9643b199-c43a-4135-b9de-6e452feb1c75.config
2026-10-01T06:40:39.5230292Z [command]/usr/bin/git config --local includeIf.gitdir:/github/workspace/.git/worktrees/*.path /github/runner_temp/git-credentials-9643b199-c43a-4135-b9de-6e452feb1c75.config
2026-10-01T06:40:39.5268819Z ##[endgroup]
2026-10-01T06:40:39.5269556Z ##[group]Fetching the repository
2026-10-01T06:40:39.5278978Z [command]/usr/bin/git -c protocol.version=2 fetch --no-tags --prune --no-recurse-submodules --depth=1 origin +a12b0e0121eaa63c2a5e98b55a07ebf7bda0ae43:refs/remotes/origin/main
2026-10-01T06:40:40.9976527Z From https://github.com/Cheolhwi/equalpath-web
2026-10-01T06:40:40.9980036Z  * [new ref]         a12b0e0121eaa63c2a5e98b55a07ebf7bda0ae43 -> origin/main
2026-10-01T06:40:40.9985616Z [command]/usr/bin/git branch --list --remote origin/main
2026-10-01T06:40:41.0015732Z   origin/main
2026-10-01T06:40:41.0025946Z [command]/usr/bin/git rev-parse refs/remotes/origin/main
2026-10-01T06:40:41.0050285Z a12b0e0121eaa63c2a5e98b55a07ebf7bda0ae43
2026-10-01T06:40:41.0055362Z ##[endgroup]
2026-10-01T06:40:41.0056636Z ##[group]Determining the checkout info
2026-10-01T06:40:41.0058027Z ##[endgroup]
2026-10-01T06:40:41.0062177Z [command]/usr/bin/git sparse-checkout disable
2026-10-01T06:40:41.0113698Z [command]/usr/bin/git config --local --unset-all extensions.worktreeConfig
2026-10-01T06:40:41.0148460Z ##[group]Checking out the ref
2026-10-01T06:40:41.0152371Z [command]/usr/bin/git checkout --progress --force -B main refs/remotes/origin/main
2026-10-01T06:40:41.3725631Z Switched to a new branch 'main'
2026-10-01T06:40:41.3730691Z branch 'main' set up to track 'origin/main'.
2026-10-01T06:40:41.3752258Z ##[endgroup]
2026-10-01T06:40:41.3802031Z [command]/usr/bin/git log -1 --format=%H
2026-10-01T06:40:41.3830854Z a12b0e0121eaa63c2a5e98b55a07ebf7bda0ae43
2026-10-01T06:40:41.4103846Z ##[group]Run actions/setup-node@249970729cb0ef3589644e2896645e5dc5ba9c38
2026-10-01T06:40:41.4167414Z with:
2026-10-01T06:40:41.4167744Z   node-version: 22
2026-10-01T06:40:41.4168017Z   cache: npm
2026-10-01T06:40:41.4168299Z   check-latest: false
2026-10-01T06:40:41.4171195Z   token: ***
2026-10-01T06:40:41.4171497Z   package-manager-cache: true
2026-10-01T06:40:41.4171819Z ##[endgroup]
2026-10-01T06:40:41.5572190Z Found in cache @ /opt/hostedtoolcache/node/22.23.3/x64
2026-10-01T06:40:41.5576151Z ##[group]Environment details
2026-10-01T06:40:41.9317765Z node: v22.23.3
2026-10-01T06:40:41.9318579Z npm: 10.9.9
2026-10-01T06:40:41.9319162Z yarn: 1.22.22
2026-10-01T06:40:41.9320721Z ##[endgroup]
2026-10-01T06:40:41.9341553Z [command]/opt/hostedtoolcache/node/22.23.3/x64/bin/npm config get cache
2026-10-01T06:40:42.0457469Z /home/runner/.npm
2026-10-01T06:40:42.1246527Z Cache hit for: node-cache-Linux-x64-npm-4f90eb724d21626f4be7713a0160c5ab94a4b7de62f2328ccedbfd21083bda1e
2026-10-01T06:40:42.5312917Z Received 41077470 of 41077470 (100.0%), 109.1 MBs/sec
2026-10-01T06:40:42.5314881Z Cache Size: ~39 MB (41077470 B)
2026-10-01T06:40:42.5345327Z [command]/usr/bin/tar -xf /home/runner/work/_temp/2e01bc50-bcef-49b3-b6b6-793dd47c656d/cache.tzst -P -C /home/runner/work/equalpath-web/equalpath-web --use-compress-program unzstd
2026-10-01T06:40:42.6242609Z Cache restored successfully
2026-10-01T06:40:42.6265143Z Cache restored from key: node-cache-Linux-x64-npm-4f90eb724d21626f4be7713a0160c5ab94a4b7de62f2328ccedbfd21083bda1e
2026-10-01T06:40:42.6447634Z ##[group]Run npm ci
2026-10-01T06:40:42.6447979Z [36;1mnpm ci[0m
2026-10-01T06:40:42.6698791Z shell: /usr/bin/bash -e {0}
2026-10-01T06:40:42.6699150Z ##[endgroup]
2026-10-01T06:40:46.8525858Z 
2026-10-01T06:40:46.8534937Z added 108 packages, and audited 109 packages in 4s
2026-10-01T06:40:46.8535567Z 
2026-10-01T06:40:46.8535931Z 13 packages are looking for funding
2026-10-01T06:40:46.8536541Z   run `npm fund` for details
2026-10-01T06:40:46.8640307Z 
2026-10-01T06:40:46.8640920Z 6 vulnerabilities (1 moderate, 4 high, 1 critical)
2026-10-01T06:40:46.8641399Z 
2026-10-01T06:40:46.8641834Z To address issues that do not require attention, run:
2026-10-01T06:40:46.8642491Z   npm audit fix
2026-10-01T06:40:46.8642749Z 
2026-10-01T06:40:46.8643184Z To address all issues (including breaking changes), run:
2026-10-01T06:40:46.8643865Z   npm audit fix --force
2026-10-01T06:40:46.8644159Z 
2026-10-01T06:40:46.8644418Z Run `npm audit` for details.
2026-10-01T06:40:46.9245123Z ##[group]Run npx playwright install --with-deps chromium
2026-10-01T06:40:46.9245824Z [36;1mnpx playwright install --with-deps chromium[0m
2026-10-01T06:40:46.9311422Z shell: /usr/bin/bash -e {0}
2026-10-01T06:40:46.9311699Z ##[endgroup]
2026-10-01T06:40:47.7193770Z Installing dependencies...
2026-10-01T06:40:47.7261163Z Switching to root user to install dependencies...
2026-10-01T06:40:47.8184147Z Get:1 file:/etc/apt/apt-mirrors.txt Mirrorlist [144 B]
2026-10-01T06:40:47.8350721Z Get:6 https://packages.microsoft.com/ubuntu/24.04/prod noble InRelease [3600 B]
2026-10-01T06:40:47.8474392Z Hit:2 http://azure.archive.ubuntu.com/ubuntu noble InRelease
2026-10-01T06:40:47.8530734Z Get:3 http://azure.archive.ubuntu.com/ubuntu noble-updates InRelease [126 kB]
2026-10-01T06:40:47.8540127Z Get:4 http://azure.archive.ubuntu.com/ubuntu noble-backports InRelease [126 kB]
2026-10-01T06:40:47.8554512Z Get:5 http://azure.archive.ubuntu.com/ubuntu noble-security InRelease [126 kB]
2026-10-01T06:40:47.9234590Z Get:7 https://packages.microsoft.com/ubuntu/24.04/prod noble/main amd64 Packages [509 kB]
2026-10-01T06:40:47.9502239Z Get:8 https://packages.microsoft.com/ubuntu/24.04/prod noble/main arm64 Packages [456 kB]
2026-10-01T06:40:48.0388652Z Get:9 http://azure.archive.ubuntu.com/ubuntu noble-updates/main amd64 Packages [1342 kB]
2026-10-01T06:40:48.0481367Z Get:10 http://azure.archive.ubuntu.com/ubuntu noble-updates/main Translation-en [302 kB]
2026-10-01T06:40:48.0511098Z Get:11 http://azure.archive.ubuntu.com/ubuntu noble-updates/main amd64 Components [181 kB]
2026-10-01T06:40:48.0520984Z Get:12 http://azure.archive.ubuntu.com/ubuntu noble-updates/universe amd64 Packages [1699 kB]
2026-10-01T06:40:48.0583869Z Get:13 http://azure.archive.ubuntu.com/ubuntu noble-updates/universe Translation-en [341 kB]
2026-10-01T06:40:48.0631017Z Get:14 http://azure.archive.ubuntu.com/ubuntu noble-updates/universe amd64 Components [388 kB]
2026-10-01T06:40:48.0651344Z Get:15 http://azure.archive.ubuntu.com/ubuntu noble-updates/restricted amd64 Packages [1697 kB]
2026-10-01T06:40:48.0745077Z Get:16 http://azure.archive.ubuntu.com/ubuntu noble-updates/restricted Translation-en [388 kB]
2026-10-01T06:40:48.0768819Z Get:17 http://azure.archive.ubuntu.com/ubuntu noble-updates/multiverse amd64 Components [940 B]
2026-10-01T06:40:48.1031191Z Get:18 http://azure.archive.ubuntu.com/ubuntu noble-backports/main amd64 Components [5760 B]
2026-10-01T06:40:48.1456345Z Get:19 http://azure.archive.ubuntu.com/ubuntu noble-backports/universe amd64 Components [12.6 kB]
2026-10-01T06:40:48.1552538Z Get:20 http://azure.archive.ubuntu.com/ubuntu noble-security/main amd64 Packages [1066 kB]
2026-10-01T06:40:48.1582742Z Get:21 http://azure.archive.ubuntu.com/ubuntu noble-security/main Translation-en [220 kB]
2026-10-01T06:40:48.1597408Z Get:22 http://azure.archive.ubuntu.com/ubuntu noble-security/main amd64 Components [46.4 kB]
2026-10-01T06:40:48.1604743Z Get:23 http://azure.archive.ubuntu.com/ubuntu noble-security/universe amd64 Packages [1216 kB]
2026-10-01T06:40:48.1662381Z Get:24 http://azure.archive.ubuntu.com/ubuntu noble-security/universe Translation-en [244 kB]
2026-10-01T06:40:48.1678474Z Get:25 http://azure.archive.ubuntu.com/ubuntu noble-security/universe amd64 Components [76.3 kB]
2026-10-01T06:40:48.1687187Z Get:26 http://azure.archive.ubuntu.com/ubuntu noble-security/restricted amd64 Packages [1566 kB]
2026-10-01T06:40:48.1765845Z Get:27 http://azure.archive.ubuntu.com/ubuntu noble-security/restricted Translation-en [361 kB]
2026-10-01T06:40:52.3633472Z Fetched 12.5 MB in 1s (9020 kB/s)
2026-10-01T06:40:53.1896390Z Reading package lists...
2026-10-01T06:40:53.2128823Z Reading package lists...
2026-10-01T06:40:53.3732074Z Building dependency tree...
2026-10-01T06:40:53.3738999Z Reading state information...
2026-10-01T06:40:53.5112485Z libasound2t64 is already the newest version (1.2.11-1ubuntu0.3).
2026-10-01T06:40:53.5113306Z libasound2t64 set to manually installed.
2026-10-01T06:40:53.5114683Z libatk-bridge2.0-0t64 is already the newest version (2.52.0-1build1).
2026-10-01T06:40:53.5115572Z libatk-bridge2.0-0t64 set to manually installed.
2026-10-01T06:40:53.5116676Z libatk1.0-0t64 is already the newest version (2.52.0-1build1).
2026-10-01T06:40:53.5117483Z libatk1.0-0t64 set to manually installed.
2026-10-01T06:40:53.5118324Z libatspi2.0-0t64 is already the newest version (2.52.0-1build1).
2026-10-01T06:40:53.5119167Z libatspi2.0-0t64 set to manually installed.
2026-10-01T06:40:53.5120313Z libcairo2 is already the newest version (1.18.0-3build1).
2026-10-01T06:40:53.5120808Z libcairo2 set to manually installed.
2026-10-01T06:40:53.5121332Z libcups2t64 is already the newest version (2.4.7-1.2ubuntu7.14).
2026-10-01T06:40:53.5121835Z libcups2t64 set to manually installed.
2026-10-01T06:40:53.5122340Z libdbus-1-3 is already the newest version (1.14.10-4ubuntu4.1).
2026-10-01T06:40:53.5122833Z libdbus-1-3 set to manually installed.
2026-10-01T06:40:53.5123382Z libdrm2 is already the newest version (2.4.125-1ubuntu0.1~24.04.2).
2026-10-01T06:40:53.5123888Z libdrm2 set to manually installed.
2026-10-01T06:40:53.5124399Z libglib2.0-0t64 is already the newest version (2.80.0-6ubuntu3.9).
2026-10-01T06:40:53.5125108Z libglib2.0-0t64 set to manually installed.
2026-10-01T06:40:53.5125892Z libnspr4 is already the newest version (2:4.35-1.1build1).
2026-10-01T06:40:53.5126528Z libnspr4 set to manually installed.
2026-10-01T06:40:53.5127021Z libnss3 is already the newest version (2:3.98-1ubuntu0.2).
2026-10-01T06:40:53.5127490Z libnss3 set to manually installed.
2026-10-01T06:40:53.5127936Z libpango-1.0-0 is already the newest version (1.52.1+ds-1build1).
2026-10-01T06:40:53.5128370Z libpango-1.0-0 set to manually installed.
2026-10-01T06:40:53.5128788Z libx11-6 is already the newest version (2:1.8.7-1build1).
2026-10-01T06:40:53.5129242Z libx11-6 set to manually installed.
2026-10-01T06:40:53.5129626Z libxcb1 is already the newest version (1.15-1ubuntu2).
2026-10-01T06:40:53.5130143Z libxcb1 set to manually installed.
2026-10-01T06:40:53.5130572Z libxcomposite1 is already the newest version (1:0.4.5-1build3).
2026-10-01T06:40:53.5131000Z libxcomposite1 set to manually installed.
2026-10-01T06:40:53.5131424Z libxdamage1 is already the newest version (1:1.1.6-1build1).
2026-10-01T06:40:53.5131815Z libxdamage1 set to manually installed.
2026-10-01T06:40:53.5132220Z libxext6 is already the newest version (2:1.3.4-1build2).
2026-10-01T06:40:53.5132594Z libxext6 set to manually installed.
2026-10-01T06:40:53.5132988Z libxfixes3 is already the newest version (1:6.0.0-2build1).
2026-10-01T06:40:53.5133390Z libxfixes3 set to manually installed.
2026-10-01T06:40:53.5133795Z libxkbcommon0 is already the newest version (1.6.0-1build1).
2026-10-01T06:40:53.5134194Z libxkbcommon0 set to manually installed.
2026-10-01T06:40:53.5134649Z libxrandr2 is already the newest version (2:1.5.2-2build1).
2026-10-01T06:40:53.5135032Z libxrandr2 set to manually installed.
2026-10-01T06:40:53.5135427Z xvfb is already the newest version (2:21.1.12-1ubuntu1.8).
2026-10-01T06:40:53.5135983Z fonts-noto-color-emoji is already the newest version (2.047-0ubuntu0.24.04.1).
2026-10-01T06:40:53.5136566Z libfontconfig1 is already the newest version (2.15.0-1.1ubuntu2).
2026-10-01T06:40:53.5136986Z libfontconfig1 set to manually installed.
2026-10-01T06:40:53.5137435Z libfreetype6 is already the newest version (2.13.2+dfsg-1ubuntu0.1).
2026-10-01T06:40:53.5137867Z libfreetype6 set to manually installed.
2026-10-01T06:40:53.5138297Z fonts-liberation is already the newest version (1:2.1.5-3).
2026-10-01T06:40:53.5138717Z fonts-liberation set to manually installed.
2026-10-01T06:40:53.5139151Z The following additional packages will be installed:
2026-10-01T06:40:53.5139607Z   libgl1-mesa-dri libglx-mesa0 libwayland-server0 mesa-libgallium
2026-10-01T06:40:53.5140151Z   xfonts-encodings xfonts-utils
2026-10-01T06:40:53.5140433Z Recommended packages:
2026-10-01T06:40:53.5140706Z   fonts-ipafont-mincho fonts-tlwg-loma
2026-10-01T06:40:53.5305592Z The following NEW packages will be installed:
2026-10-01T06:40:53.5307065Z   fonts-freefont-ttf fonts-ipafont-gothic fonts-tlwg-loma-otf fonts-unifont
2026-10-01T06:40:53.5312034Z   fonts-wqy-zenhei libwayland-server0 xfonts-cyrillic xfonts-encodings
2026-10-01T06:40:53.5312847Z   xfonts-scalable xfonts-utils
2026-10-01T06:40:53.5316540Z The following packages will be upgraded:
2026-10-01T06:40:53.5321466Z   libgbm1 libgl1-mesa-dri libglx-mesa0 mesa-libgallium
2026-10-01T06:40:53.5479120Z 4 upgraded, 10 newly installed, 0 to remove and 19 not upgraded.
2026-10-01T06:40:53.5480157Z Need to get 32.1 MB of archives.
2026-10-01T06:40:53.5480976Z After this operation, 79.7 MB of additional disk space will be used.
2026-10-01T06:40:53.5481895Z Get:1 file:/etc/apt/apt-mirrors.txt Mirrorlist [144 B]
2026-10-01T06:40:53.6439145Z Get:2 http://azure.archive.ubuntu.com/ubuntu noble/universe amd64 fonts-ipafont-gothic all 00303-21ubuntu1 [3513 kB]
2026-10-01T06:40:53.8441137Z Get:3 http://azure.archive.ubuntu.com/ubuntu noble/main amd64 fonts-freefont-ttf all 20211204+svn4273-2 [5641 kB]
2026-10-01T06:40:54.0750885Z Get:4 http://azure.archive.ubuntu.com/ubuntu noble/universe amd64 fonts-tlwg-loma-otf all 1:0.7.3-1 [107 kB]
2026-10-01T06:40:54.1588765Z Get:5 http://azure.archive.ubuntu.com/ubuntu noble/universe amd64 fonts-unifont all 1:15.1.01-1build1 [2993 kB]
2026-10-01T06:40:54.3239396Z Get:6 http://azure.archive.ubuntu.com/ubuntu noble/universe amd64 fonts-wqy-zenhei all 0.9.45-8 [7472 kB]
2026-10-01T06:40:54.5985874Z Get:7 http://azure.archive.ubuntu.com/ubuntu noble-updates/main amd64 libgl1-mesa-dri amd64 25.2.8-0ubuntu0.24.04.3 [37.9 kB]
2026-10-01T06:40:54.6810731Z Get:8 http://azure.archive.ubuntu.com/ubuntu noble/main amd64 libwayland-server0 amd64 1.22.0-2.1build1 [33.9 kB]
2026-10-01T06:40:54.7633402Z Get:9 http://azure.archive.ubuntu.com/ubuntu noble-updates/main amd64 libglx-mesa0 amd64 25.2.8-0ubuntu0.24.04.3 [110 kB]
2026-10-01T06:40:54.8491628Z Get:10 http://azure.archive.ubuntu.com/ubuntu noble-updates/main amd64 libgbm1 amd64 25.2.8-0ubuntu0.24.04.3 [34.3 kB]
2026-10-01T06:40:54.9307248Z Get:11 http://azure.archive.ubuntu.com/ubuntu noble-updates/main amd64 mesa-libgallium amd64 25.2.8-0ubuntu0.24.04.3 [10.8 MB]
2026-10-01T06:40:55.3049279Z Get:12 http://azure.archive.ubuntu.com/ubuntu noble/main amd64 xfonts-encodings all 1:1.0.5-0ubuntu2 [578 kB]
2026-10-01T06:40:55.3943816Z Get:13 http://azure.archive.ubuntu.com/ubuntu noble/main amd64 xfonts-utils amd64 1:7.7+6build3 [94.4 kB]
2026-10-01T06:40:55.4716232Z Get:14 http://azure.archive.ubuntu.com/ubuntu noble/universe amd64 xfonts-cyrillic all 1:1.0.5+nmu1 [384 kB]
2026-10-01T06:40:55.5573458Z Get:15 http://azure.archive.ubuntu.com/ubuntu noble/main amd64 xfonts-scalable all 1:1.0.3-1.3 [304 kB]
2026-10-01T06:40:55.8074057Z Fetched 32.1 MB in 2s (15.8 MB/s)
2026-10-01T06:40:55.8300158Z Selecting previously unselected package fonts-ipafont-gothic.
2026-10-01T06:40:55.8557764Z (Reading database ... 
2026-10-01T06:40:55.8558318Z (Reading database ... 5%
2026-10-01T06:40:55.8558857Z (Reading database ... 10%
2026-10-01T06:40:55.8559276Z (Reading database ... 15%
2026-10-01T06:40:55.8559608Z (Reading database ... 20%
2026-10-01T06:40:55.8560326Z (Reading database ... 25%
2026-10-01T06:40:55.8560881Z (Reading database ... 30%
2026-10-01T06:40:55.8561393Z (Reading database ... 35%
2026-10-01T06:40:55.8561883Z (Reading database ... 40%
2026-10-01T06:40:55.8562207Z (Reading database ... 45%
2026-10-01T06:40:55.8562528Z (Reading database ... 50%
2026-10-01T06:40:55.8596648Z (Reading database ... 55%
2026-10-01T06:40:55.9906501Z (Reading database ... 60%
2026-10-01T06:40:56.1933807Z (Reading database ... 65%
2026-10-01T06:40:56.3808640Z (Reading database ... 70%
2026-10-01T06:40:56.5794386Z (Reading database ... 75%
2026-10-01T06:40:56.7376023Z (Reading database ... 80%
2026-10-01T06:40:56.9430849Z (Reading database ... 85%
2026-10-01T06:40:57.1348109Z (Reading database ... 90%
2026-10-01T06:40:57.2951571Z (Reading database ... 95%
2026-10-01T06:40:57.2952135Z (Reading database ... 100%
2026-10-01T06:40:57.2953270Z (Reading database ... 202296 files and directories currently installed.)
2026-10-01T06:40:57.2993484Z Preparing to unpack .../00-fonts-ipafont-gothic_00303-21ubuntu1_all.deb ...
2026-10-01T06:40:57.3099200Z Unpacking fonts-ipafont-gothic (00303-21ubuntu1) ...
2026-10-01T06:40:57.5389538Z Selecting previously unselected package fonts-freefont-ttf.
2026-10-01T06:40:57.5512529Z Preparing to unpack .../01-fonts-freefont-ttf_20211204+svn4273-2_all.deb ...
2026-10-01T06:40:57.5520151Z Unpacking fonts-freefont-ttf (20211204+svn4273-2) ...
2026-10-01T06:40:57.6343637Z Selecting previously unselected package fonts-tlwg-loma-otf.
2026-10-01T06:40:57.6466493Z Preparing to unpack .../02-fonts-tlwg-loma-otf_1%3a0.7.3-1_all.deb ...
2026-10-01T06:40:57.6475660Z Unpacking fonts-tlwg-loma-otf (1:0.7.3-1) ...
2026-10-01T06:40:57.6687941Z Selecting previously unselected package fonts-unifont.
2026-10-01T06:40:57.6811798Z Preparing to unpack .../03-fonts-unifont_1%3a15.1.01-1build1_all.deb ...
2026-10-01T06:40:57.6821065Z Unpacking fonts-unifont (1:15.1.01-1build1) ...
2026-10-01T06:40:57.7854024Z Selecting previously unselected package fonts-wqy-zenhei.
2026-10-01T06:40:57.7976686Z Preparing to unpack .../04-fonts-wqy-zenhei_0.9.45-8_all.deb ...
2026-10-01T06:40:57.8077483Z Unpacking fonts-wqy-zenhei (0.9.45-8) ...
2026-10-01T06:40:58.2865109Z Preparing to unpack .../05-libgl1-mesa-dri_25.2.8-0ubuntu0.24.04.3_amd64.deb ...
2026-10-01T06:40:58.3015766Z Unpacking libgl1-mesa-dri:amd64 (25.2.8-0ubuntu0.24.04.3) over (25.2.8-0ubuntu0.24.04.2) ...
2026-10-01T06:40:58.3381617Z Selecting previously unselected package libwayland-server0:amd64.
2026-10-01T06:40:58.3507378Z Preparing to unpack .../06-libwayland-server0_1.22.0-2.1build1_amd64.deb ...
2026-10-01T06:40:58.3526733Z Unpacking libwayland-server0:amd64 (1.22.0-2.1build1) ...
2026-10-01T06:40:58.3864544Z Preparing to unpack .../07-libglx-mesa0_25.2.8-0ubuntu0.24.04.3_amd64.deb ...
2026-10-01T06:40:58.3893453Z Unpacking libglx-mesa0:amd64 (25.2.8-0ubuntu0.24.04.3) over (25.2.8-0ubuntu0.24.04.2) ...
2026-10-01T06:40:58.4276833Z Preparing to unpack .../08-libgbm1_25.2.8-0ubuntu0.24.04.3_amd64.deb ...
2026-10-01T06:40:58.4303180Z Unpacking libgbm1:amd64 (25.2.8-0ubuntu0.24.04.3) over (25.2.8-0ubuntu0.24.04.2) ...
2026-10-01T06:40:58.4662395Z Preparing to unpack .../09-mesa-libgallium_25.2.8-0ubuntu0.24.04.3_amd64.deb ...
2026-10-01T06:40:58.4683942Z Unpacking mesa-libgallium:amd64 (25.2.8-0ubuntu0.24.04.3) over (25.2.8-0ubuntu0.24.04.2) ...
2026-10-01T06:40:58.6311811Z Selecting previously unselected package xfonts-encodings.
2026-10-01T06:40:58.6433735Z Preparing to unpack .../10-xfonts-encodings_1%3a1.0.5-0ubuntu2_all.deb ...
2026-10-01T06:40:58.6440660Z Unpacking xfonts-encodings (1:1.0.5-0ubuntu2) ...
2026-10-01T06:40:58.6725193Z Selecting previously unselected package xfonts-utils.
2026-10-01T06:40:58.6847142Z Preparing to unpack .../11-xfonts-utils_1%3a7.7+6build3_amd64.deb ...
2026-10-01T06:40:58.6855058Z Unpacking xfonts-utils (1:7.7+6build3) ...
2026-10-01T06:40:58.7184032Z Selecting previously unselected package xfonts-cyrillic.
2026-10-01T06:40:58.7307740Z Preparing to unpack .../12-xfonts-cyrillic_1%3a1.0.5+nmu1_all.deb ...
2026-10-01T06:40:58.7316339Z Unpacking xfonts-cyrillic (1:1.0.5+nmu1) ...
2026-10-01T06:40:58.7640873Z Selecting previously unselected package xfonts-scalable.
2026-10-01T06:40:58.7765126Z Preparing to unpack .../13-xfonts-scalable_1%3a1.0.3-1.3_all.deb ...
2026-10-01T06:40:58.7772835Z Unpacking xfonts-scalable (1:1.0.3-1.3) ...
2026-10-01T06:40:58.8207454Z Setting up libwayland-server0:amd64 (1.22.0-2.1build1) ...
2026-10-01T06:40:58.8227792Z Setting up mesa-libgallium:amd64 (25.2.8-0ubuntu0.24.04.3) ...
2026-10-01T06:40:58.8245976Z Setting up libgbm1:amd64 (25.2.8-0ubuntu0.24.04.3) ...
2026-10-01T06:40:58.8264725Z Setting up libgl1-mesa-dri:amd64 (25.2.8-0ubuntu0.24.04.3) ...
2026-10-01T06:40:58.8335487Z Setting up fonts-wqy-zenhei (0.9.45-8) ...
2026-10-01T06:40:58.8451826Z Setting up fonts-freefont-ttf (20211204+svn4273-2) ...
2026-10-01T06:40:58.8469682Z Setting up fonts-tlwg-loma-otf (1:0.7.3-1) ...
2026-10-01T06:40:58.8486502Z Setting up xfonts-encodings (1:1.0.5-0ubuntu2) ...
2026-10-01T06:40:58.8504797Z Setting up fonts-ipafont-gothic (00303-21ubuntu1) ...
2026-10-01T06:40:58.8567063Z update-alternatives: using /usr/share/fonts/opentype/ipafont-gothic/ipag.ttf to provide /usr/share/fonts/truetype/fonts-japanese-gothic.ttf (fonts-japanese-gothic.ttf) in auto mode
2026-10-01T06:40:58.8582398Z Setting up fonts-unifont (1:15.1.01-1build1) ...
2026-10-01T06:40:58.8601239Z Setting up libglx-mesa0:amd64 (25.2.8-0ubuntu0.24.04.3) ...
2026-10-01T06:40:58.8619036Z Setting up xfonts-utils (1:7.7+6build3) ...
2026-10-01T06:40:58.8656044Z Setting up xfonts-cyrillic (1:1.0.5+nmu1) ...
2026-10-01T06:40:58.8944339Z Setting up xfonts-scalable (1:1.0.3-1.3) ...
2026-10-01T06:40:58.9211712Z Processing triggers for libc-bin (2.39-0ubuntu8.9) ...
2026-10-01T06:40:58.9499294Z Processing triggers for man-db (2.12.0-4build2) ...
2026-10-01T06:40:58.9522398Z Not building database; man-db/auto-update is not 'true'.
2026-10-01T06:40:58.9533916Z Processing triggers for fontconfig (2.15.0-1.1ubuntu2) ...
2026-10-01T06:40:59.6453768Z 
2026-10-01T06:40:59.6454390Z Running kernel seems to be up-to-date.
2026-10-01T06:40:59.6454803Z 
2026-10-01T06:40:59.6455076Z No services need to be restarted.
2026-10-01T06:40:59.6455389Z 
2026-10-01T06:40:59.6455642Z No containers need to be restarted.
2026-10-01T06:40:59.6455965Z 
2026-10-01T06:40:59.6456288Z No user sessions are running outdated binaries.
2026-10-01T06:40:59.6456672Z 
2026-10-01T06:40:59.6457180Z No VM guests are running outdated hypervisor (qemu) binaries on this host.
2026-10-01T06:41:00.4890200Z Downloading Chrome for Testing 153.0.8010.12 (playwright chromium v1243) from https://cdn.playwright.dev/builds/cft/153.0.8010.12/linux64/chrome-linux64.zip
2026-10-01T06:41:00.8762548Z |                                                                                |   0% of 186.8 MiB
2026-10-01T06:41:01.0830460Z |■■■■■■■■                                                                        |  10% of 186.8 MiB
2026-10-01T06:41:01.1813194Z |■■■■■■■■■■■■■■■■                                                                |  20% of 186.8 MiB
2026-10-01T06:41:01.2554693Z |■■■■■■■■■■■■■■■■■■■■■■■■                                                        |  30% of 186.8 MiB
2026-10-01T06:41:01.3210935Z |■■■■■■■■■■■■■■■■■■■■■■■■■■■■■■■■                                                |  40% of 186.8 MiB
2026-10-01T06:41:01.3879958Z |■■■■■■■■■■■■■■■■■■■■■■■■■■■■■■■■■■■■■■■■                                        |  50% of 186.8 MiB
2026-10-01T06:41:01.4648447Z |■■■■■■■■■■■■■■■■■■■■■■■■■■■■■■■■■■■■■■■■■■■■■■■■                                |  60% of 186.8 MiB
2026-10-01T06:41:01.5342401Z |■■■■■■■■■■■■■■■■■■■■■■■■■■■■■■■■■■■■■■■■■■■■■■■■■■■■■■■■                        |  70% of 186.8 MiB
2026-10-01T06:41:01.6024302Z |■■■■■■■■■■■■■■■■■■■■■■■■■■■■■■■■■■■■■■■■■■■■■■■■■■■■■■■■■■■■■■■■                |  80% of 186.8 MiB
2026-10-01T06:41:01.6688769Z |■■■■■■■■■■■■■■■■■■■■■■■■■■■■■■■■■■■■■■■■■■■■■■■■■■■■■■■■■■■■■■■■■■■■■■■■        |  90% of 186.8 MiB
2026-10-01T06:41:01.7470414Z |■■■■■■■■■■■■■■■■■■■■■■■■■■■■■■■■■■■■■■■■■■■■■■■■■■■■■■■■■■■■■■■■■■■■■■■■■■■■■■■■| 100% of 186.8 MiB
2026-10-01T06:41:04.6859866Z Chrome for Testing 153.0.8010.12 (playwright chromium v1243) downloaded to /home/runner/.cache/ms-playwright/chromium-1243
2026-10-01T06:41:04.6863586Z Downloading FFmpeg (playwright ffmpeg v1011) from https://cdn.playwright.dev/dbazure/download/playwright/builds/ffmpeg/1011/ffmpeg-linux.zip
2026-10-01T06:41:05.0731125Z |                                                                                |   0% of 2.3 MiB
2026-10-01T06:41:05.0760047Z |■■■■■■■■                                                                        |  10% of 2.3 MiB
2026-10-01T06:41:05.0796974Z |■■■■■■■■■■■■■■■■                                                                |  20% of 2.3 MiB
2026-10-01T06:41:05.0825677Z |■■■■■■■■■■■■■■■■■■■■■■■■                                                        |  30% of 2.3 MiB
2026-10-01T06:41:05.0863536Z |■■■■■■■■■■■■■■■■■■■■■■■■■■■■■■■■                                                |  40% of 2.3 MiB
2026-10-01T06:41:05.0875719Z |■■■■■■■■■■■■■■■■■■■■■■■■■■■■■■■■■■■■■■■■                                        |  50% of 2.3 MiB
2026-10-01T06:41:05.0894301Z |■■■■■■■■■■■■■■■■■■■■■■■■■■■■■■■■■■■■■■■■■■■■■■■■                                |  60% of 2.3 MiB
2026-10-01T06:41:05.0917313Z |■■■■■■■■■■■■■■■■■■■■■■■■■■■■■■■■■■■■■■■■■■■■■■■■■■■■■■■■                        |  70% of 2.3 MiB
2026-10-01T06:41:05.0937899Z |■■■■■■■■■■■■■■■■■■■■■■■■■■■■■■■■■■■■■■■■■■■■■■■■■■■■■■■■■■■■■■■■                |  80% of 2.3 MiB
2026-10-01T06:41:05.0958412Z |■■■■■■■■■■■■■■■■■■■■■■■■■■■■■■■■■■■■■■■■■■■■■■■■■■■■■■■■■■■■■■■■■■■■■■■■        |  90% of 2.3 MiB
2026-10-01T06:41:05.0990786Z |■■■■■■■■■■■■■■■■■■■■■■■■■■■■■■■■■■■■■■■■■■■■■■■■■■■■■■■■■■■■■■■■■■■■■■■■■■■■■■■■| 100% of 2.3 MiB
2026-10-01T06:41:05.1848813Z FFmpeg (playwright ffmpeg v1011) downloaded to /home/runner/.cache/ms-playwright/ffmpeg-1011
2026-10-01T06:41:05.1853253Z Downloading Chrome Headless Shell 153.0.8010.12 (playwright chromium-headless-shell v1243) from https://cdn.playwright.dev/builds/cft/153.0.8010.12/linux64/chrome-headless-shell-linux64.zip
2026-10-01T06:41:05.5901896Z |                                                                                |   0% of 114.3 MiB
2026-10-01T06:41:05.7510705Z |■■■■■■■■                                                                        |  10% of 114.3 MiB
2026-10-01T06:41:05.8156441Z |■■■■■■■■■■■■■■■■                                                                |  20% of 114.3 MiB
2026-10-01T06:41:05.8732514Z |■■■■■■■■■■■■■■■■■■■■■■■■                                                        |  30% of 114.3 MiB
2026-10-01T06:41:05.9297194Z |■■■■■■■■■■■■■■■■■■■■■■■■■■■■■■■■                                                |  40% of 114.3 MiB
2026-10-01T06:41:05.9765511Z |■■■■■■■■■■■■■■■■■■■■■■■■■■■■■■■■■■■■■■■■                                        |  50% of 114.3 MiB
2026-10-01T06:41:06.0251098Z |■■■■■■■■■■■■■■■■■■■■■■■■■■■■■■■■■■■■■■■■■■■■■■■■                                |  60% of 114.3 MiB
2026-10-01T06:41:06.0712846Z |■■■■■■■■■■■■■■■■■■■■■■■■■■■■■■■■■■■■■■■■■■■■■■■■■■■■■■■■                        |  70% of 114.3 MiB
2026-10-01T06:41:06.1140760Z |■■■■■■■■■■■■■■■■■■■■■■■■■■■■■■■■■■■■■■■■■■■■■■■■■■■■■■■■■■■■■■■■                |  80% of 114.3 MiB
2026-10-01T06:41:06.1657926Z |■■■■■■■■■■■■■■■■■■■■■■■■■■■■■■■■■■■■■■■■■■■■■■■■■■■■■■■■■■■■■■■■■■■■■■■■        |  90% of 114.3 MiB
2026-10-01T06:41:06.2089572Z |■■■■■■■■■■■■■■■■■■■■■■■■■■■■■■■■■■■■■■■■■■■■■■■■■■■■■■■■■■■■■■■■■■■■■■■■■■■■■■■■| 100% of 114.3 MiB
2026-10-01T06:41:08.3743637Z Chrome Headless Shell 153.0.8010.12 (playwright chromium-headless-shell v1243) downloaded to /home/runner/.cache/ms-playwright/chromium_headless_shell-1243
2026-10-01T06:41:08.4049997Z ##[group]Run xvfb-run -a sh -c 'node scripts/check-browser-renderer.mjs && npm run test:browser -- --project=journeys --shard=1/3'
2026-10-01T06:41:08.4051070Z [36;1mxvfb-run -a sh -c 'node scripts/check-browser-renderer.mjs && npm run test:browser -- --project=journeys --shard=1/3'[0m
2026-10-01T06:41:08.4116012Z shell: /usr/bin/bash -e {0}
2026-10-01T06:41:08.4116285Z env:
2026-10-01T06:41:08.4116488Z   LIBGL_ALWAYS_SOFTWARE: 1
2026-10-01T06:41:08.4116734Z   PW_HEADED: 1
2026-10-01T06:41:08.4116936Z   PW_ANGLE: gl
2026-10-01T06:41:08.4117157Z   QA_EVIDENCE_DIR: .build/ci-evidence
2026-10-01T06:41:08.4117438Z ##[endgroup]
2026-10-01T06:41:17.7604678Z {"browser":"153.0.8010.12","version":"WebGL 2.0 (OpenGL ES 3.0 Chromium)","renderer":"ANGLE (Mesa, llvmpipe (LLVM 20.1.2 256 bits), OpenGL 4.5)"}
2026-10-01T06:41:18.0254009Z 
2026-10-01T06:41:18.0254658Z > equalpath-web@0.0.0 test:browser
2026-10-01T06:41:18.0255300Z > playwright test --project=journeys --shard=1/3
2026-10-01T06:41:18.0255897Z 
2026-10-01T06:41:20.0855498Z 
2026-10-01T06:41:20.0856131Z Running 59 tests using 1 worker, shard 1 of 3
2026-10-01T06:41:20.0856605Z 
2026-10-01T06:41:38.2341193Z   ✓   1 [journeys] › tests/browser/care-types.spec.mjs:20:34 › desktop regular flow needs no date; switching isolates search/map/compare and preserves care choices (17.1s)
2026-10-01T06:41:47.1172464Z   ✓   2 [journeys] › tests/browser/care-types.spec.mjs:20:34 › mobile regular flow needs no date; switching isolates search/map/compare and preserves care choices (8.9s)
2026-10-01T06:42:33.3052604Z   ✘   3 [journeys] › tests/browser/care-types.spec.mjs:77:1 › a delayed response from regular care cannot replace short-term results after switching (45.6s)
2026-10-01T06:42:42.9198348Z   ✓   4 [journeys] › tests/browser/centre-details.spec.mjs:21:1 › details put useful facts and next action first, retain evidence and prioritise mismatches (8.8s)
2026-10-01T06:42:48.9425332Z   ✓   5 [journeys] › tests/browser/centre-details.spec.mjs:36:1 › mobile details keep long names, missing fees and contacts usable with keyboard disclosures (6.0s)
2026-10-01T06:42:55.2532154Z   ✘   6 [journeys] › tests/browser/compare-refresh.spec.mjs:31:44 › 320px comparison keeps facts aligned and actions inside their columns (6.1s)
2026-10-01T06:43:02.3846113Z   ✘   7 [journeys] › tests/browser/compare-refresh.spec.mjs:31:44 › 390px comparison keeps facts aligned and actions inside their columns (6.2s)
2026-10-01T06:43:09.5668898Z   ✘   8 [journeys] › tests/browser/compare-refresh.spec.mjs:31:44 › 768px comparison keeps facts aligned and actions inside their columns (6.3s)
2026-10-01T06:43:16.7568507Z   ✘   9 [journeys] › tests/browser/compare-refresh.spec.mjs:31:44 › 1440px comparison keeps facts aligned and actions inside their columns (6.3s)
2026-10-01T06:43:23.9637709Z   ✘  10 [journeys] › tests/browser/compare-refresh.spec.mjs:63:1 › long term comparison does not show short visit or invented care times (6.3s)
2026-10-01T06:43:31.1180758Z   ✘  11 [journeys] › tests/browser/compare-refresh.spec.mjs:70:1 › map picking and notices use contained rounded controls (6.2s)
2026-10-01T06:43:42.9699153Z   ✓  12 [journeys] › tests/browser/comparison-priority.spec.mjs:8:1 › restored map points gain a street address and priority highlights switch, tie, and survive removing a centre (11.1s)
2026-10-01T06:43:53.6934095Z   ✘  13 [journeys] › tests/browser/contact-priority.spec.mjs:8:1 › contact priority stays consistent across results, map and comparison, with a contact-free second-page fallback (10.1s)
2026-10-01T06:43:58.9399633Z   ✓  14 [journeys] › tests/browser/ease.spec.mjs:24:37 › 320px: a new visitor can search without optional fields and recover from a failed search (4.5s)
2026-10-01T06:44:03.3872533Z   ✓  15 [journeys] › tests/browser/ease.spec.mjs:24:37 › 390px: a new visitor can search without optional fields and recover from a failed search (4.4s)
2026-10-01T06:44:09.4211181Z   ✓  16 [journeys] › tests/browser/ease.spec.mjs:24:37 › 1440px: a new visitor can search without optional fields and recover from a failed search (6.0s)
2026-10-01T06:44:13.4456144Z   ✓  17 [journeys] › tests/browser/ease.spec.mjs:51:1 › phone: short-stay errors keep the action visible and point to the correct time (4.0s)
2026-10-01T06:44:18.6330809Z   ✓  18 [journeys] › tests/browser/ease.spec.mjs:68:34 › 390px: short care opens directly, with weekly care as a secondary search (5.2s)
2026-10-01T06:44:25.4668675Z   ✓  19 [journeys] › tests/browser/ease.spec.mjs:68:34 › 1440px: short care opens directly, with weekly care as a secondary search (6.8s)
2026-10-01T06:44:30.1981742Z   ✓  20 [journeys] › tests/browser/ease.spec.mjs:99:37 › short care: age is required and never hidden with optional pickup help (4.7s)
2026-10-01T06:44:35.1257194Z   ✓  21 [journeys] › tests/browser/ease.spec.mjs:99:37 › regular: age is required and never hidden with optional pickup help (4.9s)
2026-10-01T06:44:42.1684953Z   ✓  22 [journeys] › tests/browser/enquiry.spec.mjs:49:34 › 390px: one ready message, visible checkboxes and a direct copy action (7.0s)
2026-10-01T06:44:50.5401951Z   ✓  23 [journeys] › tests/browser/enquiry.spec.mjs:49:34 › 1440px: one ready message, visible checkboxes and a direct copy action (8.4s)
2026-10-01T06:44:56.7896137Z   ✓  24 [journeys] › tests/browser/enquiry.spec.mjs:86:1 › combined questions retain warnings and all their source checks without copying internal explanations (6.2s)
2026-10-01T06:45:01.9091460Z   ✓  25 [journeys] › tests/browser/enquiry.spec.mjs:102:1 › mobile supports manual copy, missing contacts and the checklist (5.1s)
2026-10-01T06:45:06.3325796Z   ✓  26 [journeys] › tests/browser/enquiry.spec.mjs:118:1 › 320px dark view keeps questions and copy usable without horizontal scrolling (4.4s)
2026-10-01T06:45:12.4381597Z   ✓  27 [journeys] › tests/browser/fees.spec.mjs:5:51 › regular: listed KPM codes retain their source and monthly fees belong only to regular care (6.1s)
2026-10-01T06:45:18.4322202Z   ✓  28 [journeys] › tests/browser/fees.spec.mjs:5:51 › short_term: listed KPM codes retain their source and monthly fees belong only to regular care (6.0s)
2026-10-01T06:45:23.6313636Z   ✓  29 [journeys] › tests/browser/fees.spec.mjs:41:1 › area budget references stay labelled in search and details (5.2s)
2026-10-01T06:45:30.1514956Z   ✓  30 [journeys] › tests/browser/interactions.spec.mjs:37:1 › circle pointer works above dialogs without blocking clicks and restores native input/map cursors (6.5s)
2026-10-01T06:45:33.3071063Z   ✓  31 [journeys] › tests/browser/interactions.spec.mjs:74:1 › system reduced media does not replace the app's motion-on default (3.1s)
2026-10-01T06:45:41.5095539Z   ✓  32 [journeys] › tests/browser/interactions.spec.mjs:90:1 › result cards reveal on first view without extra searches or hiding focused content (8.2s)
2026-10-01T06:45:45.1653038Z   ✓  33 [journeys] › tests/browser/interactions.spec.mjs:115:1 › touch screens retain native interaction and reduced motion leaves all cards readable (3.6s)
2026-10-01T06:45:50.5782441Z   ✓  34 [journeys] › tests/browser/interactions.spec.mjs:132:1 › dialogs fade out with their backdrop before removal for every dismissal route (5.4s)
2026-10-01T06:45:53.8712229Z   ✓  35 [journeys] › tests/browser/interactions.spec.mjs:175:1 › quick dismissal does not flash opaque, and reduced motion closes immediately (3.3s)
2026-10-01T06:46:00.1446914Z   ✘  36 [journeys] › tests/browser/location-actions.spec.mjs:34:3 › 320px: both location actions are direct and map selection shows You (6.1s)
2026-10-01T06:46:07.2768082Z   ✘  37 [journeys] › tests/browser/location-actions.spec.mjs:34:3 › 390px: both location actions are direct and map selection shows You (6.2s)
2026-10-01T06:46:14.3682157Z   ✘  38 [journeys] › tests/browser/location-actions.spec.mjs:34:3 › 768px: both location actions are direct and map selection shows You (6.2s)
2026-10-01T06:46:21.5656253Z   ✘  39 [journeys] › tests/browser/location-actions.spec.mjs:34:3 › 1440px: both location actions are direct and map selection shows You (6.3s)
2026-10-01T06:46:28.6771350Z   ✘  40 [journeys] › tests/browser/location-actions.spec.mjs:63:1 › device location runs only on click, stops its watch, and shows You (6.2s)
2026-10-01T06:46:35.7963830Z   ✘  41 [journeys] › tests/browser/location-actions.spec.mjs:73:1 › blocked device location leaves the manual map action directly available (6.2s)
2026-10-01T06:46:42.9633497Z   ✘  42 [journeys] › tests/browser/location-actions.spec.mjs:83:1 › switching to map selection cancels device location and ignores a late response (6.3s)
2026-10-01T06:47:29.0806703Z   ✘  43 [journeys] › tests/browser/map-cards.spec.mjs:32:1 › before a search, a map card can be saved and comparison asks for the missing visit details (45.2s)
2026-10-01T06:47:36.3384661Z   ✘  44 [journeys] › tests/browser/map-cards.spec.mjs:74:45 › 320px: map first, search opens three point cards, selection follows the marker and opens details (6.3s)
2026-10-01T06:47:43.5183406Z   ✘  45 [journeys] › tests/browser/map-cards.spec.mjs:74:45 › 390px: map first, search opens three point cards, selection follows the marker and opens details (6.2s)
2026-10-01T06:47:50.7275249Z   ✘  46 [journeys] › tests/browser/map-cards.spec.mjs:74:45 › 1280px: map first, search opens three point cards, selection follows the marker and opens details (6.3s)
2026-10-01T06:47:57.9398645Z   ✘  47 [journeys] › tests/browser/map-cards.spec.mjs:74:45 › 1440px: map first, search opens three point cards, selection follows the marker and opens details (6.3s)
2026-10-01T06:48:10.5692484Z   ✘  48 [journeys] › tests/browser/map-cards.spec.mjs:139:1 › coincident recommendations remain separate; keyboard and reduced motion work (11.4s)
2026-10-01T06:48:18.7194231Z   ✓  49 [journeys] › tests/browser/map-cards.spec.mjs:152:1 › cards and drawer fade out without leaving invisible interactive controls (7.4s)
2026-10-01T06:48:25.2003864Z   ✓  50 [journeys] › tests/browser/map-cards.spec.mjs:166:1 › selecting a recommended pin keeps its card anchored during the camera animation (6.5s)
2026-10-01T06:48:30.1129099Z   ✓  51 [journeys] › tests/browser/map-cards.spec.mjs:201:1 › short phone scrolls through three full action cards and opens the full centre name (4.9s)
2026-10-01T06:48:36.1267213Z   ✓  52 [journeys] › tests/browser/map-cards.spec.mjs:211:39 › 320px: map card save and compare act on the correct centre without opening details (6.0s)
2026-10-01T06:48:42.4903091Z   ✓  53 [journeys] › tests/browser/map-cards.spec.mjs:211:39 › 927px: map card save and compare act on the correct centre without opening details (6.3s)
2026-10-01T06:48:49.8246207Z   ✓  54 [journeys] › tests/browser/map-cards.spec.mjs:211:39 › 1440px: map card save and compare act on the correct centre without opening details (7.3s)
2026-10-01T06:48:55.7526619Z   ✓  55 [journeys] › tests/browser/map-cards.spec.mjs:238:44 › 320px: scrolled results and contact windows keep full headers and rounded phone actions (5.9s)
2026-10-01T06:49:01.5819643Z   ✓  56 [journeys] › tests/browser/map-cards.spec.mjs:238:44 › 390px: scrolled results and contact windows keep full headers and rounded phone actions (5.8s)
2026-10-01T06:49:08.8683993Z   ✓  57 [journeys] › tests/browser/map-cards.spec.mjs:238:44 › 927px: scrolled results and contact windows keep full headers and rounded phone actions (7.3s)
2026-10-01T06:49:16.4793654Z   ✓  58 [journeys] › tests/browser/map-cards.spec.mjs:238:44 › 1440px: scrolled results and contact windows keep full headers and rounded phone actions (7.6s)
2026-10-01T06:49:23.7649675Z   ✓  59 [journeys] › tests/browser/map-cards.spec.mjs:276:1 › changed requests hide previous recommendations and empty searches keep the form available (7.3s)
2026-10-01T06:49:24.0287211Z 
2026-10-01T06:49:24.0295500Z 
2026-10-01T06:49:24.0306647Z   1) [journeys] › tests/browser/care-types.spec.mjs:77:1 › a delayed response from regular care cannot replace short-term results after switching 
2026-10-01T06:49:24.0307677Z 
2026-10-01T06:49:24.0307915Z     Test timeout of 45000ms exceeded.
2026-10-01T06:49:24.0308217Z 
2026-10-01T06:49:24.0308993Z     Error: page.waitForResponse: Test timeout of 45000ms exceeded.
2026-10-01T06:49:24.0309472Z 
2026-10-01T06:49:24.0310612Z       89 |   await page.locator('#service-date').fill('2026-09-21');await page.locator('#deadline').fill('13:00');await page.locator('#care-end').fill('17:00');
2026-10-01T06:49:24.0312686Z       90 |   await submit(page);await openResults(page);await expect(page.getByRole('button',{name:'View details for Short Stay 1',exact:true})).toBeVisible();
2026-10-01T06:49:24.0315023Z     > 91 |   const oldResponse=page.waitForResponse(r=>r.url().endsWith('/api')&&r.request().postDataJSON().action==='search'&&r.request().postDataJSON().request.careType==='regular');
2026-10-01T06:49:24.0316475Z          |                          ^
2026-10-01T06:49:24.0317109Z       92 |   release();await (await oldResponse).finished();
2026-10-01T06:49:24.0318310Z       93 |   await page.evaluate(()=>new Promise(resolve=>requestAnimationFrame(()=>requestAnimationFrame(resolve))));
2026-10-01T06:49:24.0320137Z       94 |   await expect(page.getByRole('button',{name:'View details for Regular Care 3',exact:true})).toHaveCount(0);
2026-10-01T06:49:24.0321457Z         at /home/runner/work/equalpath-web/equalpath-web/tests/browser/care-types.spec.mjs:91:26
2026-10-01T06:49:24.0322108Z 
2026-10-01T06:49:24.0322928Z     attachment #1: screenshot (image/png) ──────────────────────────────────────────────────────────
2026-10-01T06:49:24.0324371Z     .build/browser-results/care-types-a-delayed-respo-3f551-erm-results-after-switching-journeys/test-failed-1.png
2026-10-01T06:49:24.0325954Z     ────────────────────────────────────────────────────────────────────────────────────────────────
2026-10-01T06:49:24.0326458Z 
2026-10-01T06:49:24.0327380Z     Error Context: .build/browser-results/care-types-a-delayed-respo-3f551-erm-results-after-switching-journeys/error-context.md
2026-10-01T06:49:24.0328342Z 
2026-10-01T06:49:24.0329046Z     attachment #3: trace (application/zip) ─────────────────────────────────────────────────────────
2026-10-01T06:49:24.0330624Z     .build/browser-results/care-types-a-delayed-respo-3f551-erm-results-after-switching-journeys/trace.zip
2026-10-01T06:49:24.0331591Z     Usage:
2026-10-01T06:49:24.0331801Z 
2026-10-01T06:49:24.0332777Z         npx playwright show-trace .build/browser-results/care-types-a-delayed-respo-3f551-erm-results-after-switching-journeys/trace.zip
2026-10-01T06:49:24.0334085Z 
2026-10-01T06:49:24.0334745Z     ────────────────────────────────────────────────────────────────────────────────────────────────
2026-10-01T06:49:24.0335246Z 
2026-10-01T06:49:24.0336264Z   2) [journeys] › tests/browser/compare-refresh.spec.mjs:31:44 › 320px comparison keeps facts aligned and actions inside their columns 
2026-10-01T06:49:24.0336967Z 
2026-10-01T06:49:24.0337133Z     Error: expect(locator).toBeFocused() failed
2026-10-01T06:49:24.0337357Z 
2026-10-01T06:49:24.0337480Z     Locator:  locator('.equalpath')
2026-10-01T06:49:24.0337760Z     Expected: focused
2026-10-01T06:49:24.0337985Z     Received: inactive
2026-10-01T06:49:24.0338202Z     Timeout:  5000ms
2026-10-01T06:49:24.0338347Z 
2026-10-01T06:49:24.0338429Z     Call log:
2026-10-01T06:49:24.0338774Z       - Expect "toBeFocused" locator('.equalpath') with timeout 5000ms
2026-10-01T06:49:24.0339212Z       - waiting for locator('.equalpath')
2026-10-01T06:49:24.0340933Z         14 × locator resolved to <main inert="" tabindex="-1" data-mode="live" aria-hidden="true" data-reduced="false" data-search-state="ready" class="equalpath map-first light mobile-map">…</main>
2026-10-01T06:49:24.0342495Z            - unexpected value "inactive"
2026-10-01T06:49:24.0342729Z 
2026-10-01T06:49:24.0342735Z 
2026-10-01T06:49:24.0343004Z       17 |   await page.goto(regular ? '/?care=regular#discover' : '/#discover');
2026-10-01T06:49:24.0343716Z       18 |   await expect(page.locator('#pickup-search')).not.toBeFocused();
2026-10-01T06:49:24.0344359Z     > 19 |   await expect(page.locator('.equalpath')).toBeFocused();
2026-10-01T06:49:24.0344755Z          |                                            ^
2026-10-01T06:49:24.0345768Z       20 |   await page.keyboard.press('/'); await expect(page.locator('#pickup-search')).toBeFocused();
2026-10-01T06:49:24.0346468Z       21 |   await openSearch(page);
2026-10-01T06:49:24.0346891Z       22 |   if (!regular) {
2026-10-01T06:49:24.0347436Z         at start (/home/runner/work/equalpath-web/equalpath-web/tests/browser/compare-refresh.spec.mjs:19:44)
2026-10-01T06:49:24.0348222Z         at /home/runner/work/equalpath-web/equalpath-web/tests/browser/compare-refresh.spec.mjs:32:55
2026-10-01T06:49:24.0348685Z 
2026-10-01T06:49:24.0349404Z     attachment #1: screenshot (image/png) ──────────────────────────────────────────────────────────
2026-10-01T06:49:24.0350803Z     .build/browser-results/compare-refresh-320px-comp-15e57-ctions-inside-their-columns-journeys/test-failed-1.png
2026-10-01T06:49:24.0351676Z     ────────────────────────────────────────────────────────────────────────────────────────────────
2026-10-01T06:49:24.0351968Z 
2026-10-01T06:49:24.0352490Z     Error Context: .build/browser-results/compare-refresh-320px-comp-15e57-ctions-inside-their-columns-journeys/error-context.md
2026-10-01T06:49:24.0353034Z 
2026-10-01T06:49:24.0353433Z     attachment #3: trace (application/zip) ─────────────────────────────────────────────────────────
2026-10-01T06:49:24.0354194Z     .build/browser-results/compare-refresh-320px-comp-15e57-ctions-inside-their-columns-journeys/trace.zip
2026-10-01T06:49:24.0354763Z     Usage:
2026-10-01T06:49:24.0354875Z 
2026-10-01T06:49:24.0355449Z         npx playwright show-trace .build/browser-results/compare-refresh-320px-comp-15e57-ctions-inside-their-columns-journeys/trace.zip
2026-10-01T06:49:24.0356012Z 
2026-10-01T06:49:24.0356361Z     ────────────────────────────────────────────────────────────────────────────────────────────────
2026-10-01T06:49:24.0356645Z 
2026-10-01T06:49:24.0357219Z   3) [journeys] › tests/browser/compare-refresh.spec.mjs:31:44 › 390px comparison keeps facts aligned and actions inside their columns 
2026-10-01T06:49:24.0357734Z 
2026-10-01T06:49:24.0357893Z     Error: expect(locator).toBeFocused() failed
2026-10-01T06:49:24.0358112Z 
2026-10-01T06:49:24.0358237Z     Locator:  locator('.equalpath')
2026-10-01T06:49:24.0358504Z     Expected: focused
2026-10-01T06:49:24.0358726Z     Received: inactive
2026-10-01T06:49:24.0358956Z     Timeout:  5000ms
2026-10-01T06:49:24.0359271Z 
2026-10-01T06:49:24.0359361Z     Call log:
2026-10-01T06:49:24.0360053Z       - Expect "toBeFocused" locator('.equalpath') with timeout 5000ms
2026-10-01T06:49:24.0360781Z       - waiting for locator('.equalpath')
2026-10-01T06:49:24.0361859Z         13 × locator resolved to <main inert="" tabindex="-1" data-mode="live" aria-hidden="true" data-reduced="false" data-search-state="ready" class="equalpath map-first light mobile-map">…</main>
2026-10-01T06:49:24.0362701Z            - unexpected value "inactive"
2026-10-01T06:49:24.0362895Z 
2026-10-01T06:49:24.0362900Z 
2026-10-01T06:49:24.0363301Z       17 |   await page.goto(regular ? '/?care=regular#discover' : '/#discover');
2026-10-01T06:49:24.0363845Z       18 |   await expect(page.locator('#pickup-search')).not.toBeFocused();
2026-10-01T06:49:24.0364342Z     > 19 |   await expect(page.locator('.equalpath')).toBeFocused();
2026-10-01T06:49:24.0364735Z          |                                            ^
2026-10-01T06:49:24.0365277Z       20 |   await page.keyboard.press('/'); await expect(page.locator('#pickup-search')).toBeFocused();
2026-10-01T06:49:24.0365804Z       21 |   await openSearch(page);
2026-10-01T06:49:24.0366161Z       22 |   if (!regular) {
2026-10-01T06:49:24.0366727Z         at start (/home/runner/work/equalpath-web/equalpath-web/tests/browser/compare-refresh.spec.mjs:19:44)
2026-10-01T06:49:24.0367494Z         at /home/runner/work/equalpath-web/equalpath-web/tests/browser/compare-refresh.spec.mjs:32:55
2026-10-01T06:49:24.0367924Z 
2026-10-01T06:49:24.0368344Z     attachment #1: screenshot (image/png) ──────────────────────────────────────────────────────────
2026-10-01T06:49:24.0369170Z     .build/browser-results/compare-refresh-390px-comp-2be1e-ctions-inside-their-columns-journeys/test-failed-1.png
2026-10-01T06:49:24.0370475Z     ────────────────────────────────────────────────────────────────────────────────────────────────
2026-10-01T06:49:24.0370779Z 
2026-10-01T06:49:24.0371298Z     Error Context: .build/browser-results/compare-refresh-390px-comp-2be1e-ctions-inside-their-columns-journeys/error-context.md
2026-10-01T06:49:24.0371853Z 
2026-10-01T06:49:24.0372252Z     attachment #3: trace (application/zip) ─────────────────────────────────────────────────────────
2026-10-01T06:49:24.0373006Z     .build/browser-results/compare-refresh-390px-comp-2be1e-ctions-inside-their-columns-journeys/trace.zip
2026-10-01T06:49:24.0373558Z     Usage:
2026-10-01T06:49:24.0373672Z 
2026-10-01T06:49:24.0374197Z         npx playwright show-trace .build/browser-results/compare-refresh-390px-comp-2be1e-ctions-inside-their-columns-journeys/trace.zip
2026-10-01T06:49:24.0374758Z 
2026-10-01T06:49:24.0375115Z     ────────────────────────────────────────────────────────────────────────────────────────────────
2026-10-01T06:49:24.0375396Z 
2026-10-01T06:49:24.0375964Z   4) [journeys] › tests/browser/compare-refresh.spec.mjs:31:44 › 768px comparison keeps facts aligned and actions inside their columns 
2026-10-01T06:49:24.0376466Z 
2026-10-01T06:49:24.0376785Z     Error: expect(locator).toBeFocused() failed
2026-10-01T06:49:24.0377297Z 
2026-10-01T06:49:24.0377518Z     Locator:  locator('.equalpath')
2026-10-01T06:49:24.0377992Z     Expected: focused
2026-10-01T06:49:24.0378398Z     Received: inactive
2026-10-01T06:49:24.0378777Z     Timeout:  5000ms
2026-10-01T06:49:24.0379019Z 
2026-10-01T06:49:24.0379162Z     Call log:
2026-10-01T06:49:24.0380578Z       - Expect "toBeFocused" locator('.equalpath') with timeout 5000ms
2026-10-01T06:49:24.0381030Z       - waiting for locator('.equalpath')
2026-10-01T06:49:24.0382307Z         13 × locator resolved to <main inert="" tabindex="-1" data-mode="live" aria-hidden="true" data-reduced="false" data-search-state="ready" class="equalpath map-first light mobile-map">…</main>
2026-10-01T06:49:24.0383166Z            - unexpected value "inactive"
2026-10-01T06:49:24.0383358Z 
2026-10-01T06:49:24.0383363Z 
2026-10-01T06:49:24.0383613Z       17 |   await page.goto(regular ? '/?care=regular#discover' : '/#discover');
2026-10-01T06:49:24.0384165Z       18 |   await expect(page.locator('#pickup-search')).not.toBeFocused();
2026-10-01T06:49:24.0384668Z     > 19 |   await expect(page.locator('.equalpath')).toBeFocused();
2026-10-01T06:49:24.0385061Z          |                                            ^
2026-10-01T06:49:24.0385595Z       20 |   await page.keyboard.press('/'); await expect(page.locator('#pickup-search')).toBeFocused();
2026-10-01T06:49:24.0386106Z       21 |   await openSearch(page);
2026-10-01T06:49:24.0386388Z       22 |   if (!regular) {
2026-10-01T06:49:24.0386927Z         at start (/home/runner/work/equalpath-web/equalpath-web/tests/browser/compare-refresh.spec.mjs:19:44)
2026-10-01T06:49:24.0387704Z         at /home/runner/work/equalpath-web/equalpath-web/tests/browser/compare-refresh.spec.mjs:32:55
2026-10-01T06:49:24.0388097Z 
2026-10-01T06:49:24.0388501Z     attachment #1: screenshot (image/png) ──────────────────────────────────────────────────────────
2026-10-01T06:49:24.0389314Z     .build/browser-results/compare-refresh-768px-comp-a62af-ctions-inside-their-columns-journeys/test-failed-1.png
2026-10-01T06:49:24.0390302Z     ────────────────────────────────────────────────────────────────────────────────────────────────
2026-10-01T06:49:24.0390590Z 
2026-10-01T06:49:24.0391097Z     Error Context: .build/browser-results/compare-refresh-768px-comp-a62af-ctions-inside-their-columns-journeys/error-context.md
2026-10-01T06:49:24.0391635Z 
2026-10-01T06:49:24.0392028Z     attachment #3: trace (application/zip) ─────────────────────────────────────────────────────────
2026-10-01T06:49:24.0392795Z     .build/browser-results/compare-refresh-768px-comp-a62af-ctions-inside-their-columns-journeys/trace.zip
2026-10-01T06:49:24.0393336Z     Usage:
2026-10-01T06:49:24.0393444Z 
2026-10-01T06:49:24.0393973Z         npx playwright show-trace .build/browser-results/compare-refresh-768px-comp-a62af-ctions-inside-their-columns-journeys/trace.zip
2026-10-01T06:49:24.0394539Z 
2026-10-01T06:49:24.0394877Z     ────────────────────────────────────────────────────────────────────────────────────────────────
2026-10-01T06:49:24.0395305Z 
2026-10-01T06:49:24.0395883Z   5) [journeys] › tests/browser/compare-refresh.spec.mjs:31:44 › 1440px comparison keeps facts aligned and actions inside their columns 
2026-10-01T06:49:24.0396396Z 
2026-10-01T06:49:24.0396547Z     Error: expect(locator).toBeFocused() failed
2026-10-01T06:49:24.0396762Z 
2026-10-01T06:49:24.0396888Z     Locator:  locator('.equalpath')
2026-10-01T06:49:24.0397158Z     Expected: focused
2026-10-01T06:49:24.0397382Z     Received: inactive
2026-10-01T06:49:24.0397610Z     Timeout:  5000ms
2026-10-01T06:49:24.0397738Z 
2026-10-01T06:49:24.0397832Z     Call log:
2026-10-01T06:49:24.0398390Z       - Expect "toBeFocused" locator('.equalpath') with timeout 5000ms
2026-10-01T06:49:24.0398812Z       - waiting for locator('.equalpath')
2026-10-01T06:49:24.0400214Z         13 × locator resolved to <main inert="" tabindex="-1" data-mode="live" aria-hidden="true" data-reduced="false" data-search-state="ready" class="equalpath map-first light mobile-map">…</main>
2026-10-01T06:49:24.0401658Z            - unexpected value "inactive"
2026-10-01T06:49:24.0401873Z 
2026-10-01T06:49:24.0401878Z 
2026-10-01T06:49:24.0402395Z       17 |   await page.goto(regular ? '/?care=regular#discover' : '/#discover');
2026-10-01T06:49:24.0403110Z       18 |   await expect(page.locator('#pickup-search')).not.toBeFocused();
2026-10-01T06:49:24.0403608Z     > 19 |   await expect(page.locator('.equalpath')).toBeFocused();
2026-10-01T06:49:24.0404009Z          |                                            ^
2026-10-01T06:49:24.0404732Z       20 |   await page.keyboard.press('/'); await expect(page.locator('#pickup-search')).toBeFocused();
2026-10-01T06:49:24.0405262Z       21 |   await openSearch(page);
2026-10-01T06:49:24.0405534Z       22 |   if (!regular) {
2026-10-01T06:49:24.0406069Z         at start (/home/runner/work/equalpath-web/equalpath-web/tests/browser/compare-refresh.spec.mjs:19:44)
2026-10-01T06:49:24.0406841Z         at /home/runner/work/equalpath-web/equalpath-web/tests/browser/compare-refresh.spec.mjs:32:55
2026-10-01T06:49:24.0407229Z 
2026-10-01T06:49:24.0407662Z     attachment #1: screenshot (image/png) ──────────────────────────────────────────────────────────
2026-10-01T06:49:24.0408920Z     .build/browser-results/compare-refresh-1440px-com-77aa5-ctions-inside-their-columns-journeys/test-failed-1.png
2026-10-01T06:49:24.0410336Z     ────────────────────────────────────────────────────────────────────────────────────────────────
2026-10-01T06:49:24.0410647Z 
2026-10-01T06:49:24.0411172Z     Error Context: .build/browser-results/compare-refresh-1440px-com-77aa5-ctions-inside-their-columns-journeys/error-context.md
2026-10-01T06:49:24.0411711Z 
2026-10-01T06:49:24.0412119Z     attachment #3: trace (application/zip) ─────────────────────────────────────────────────────────
2026-10-01T06:49:24.0413092Z     .build/browser-results/compare-refresh-1440px-com-77aa5-ctions-inside-their-columns-journeys/trace.zip
2026-10-01T06:49:24.0413661Z     Usage:
2026-10-01T06:49:24.0413777Z 
2026-10-01T06:49:24.0414308Z         npx playwright show-trace .build/browser-results/compare-refresh-1440px-com-77aa5-ctions-inside-their-columns-journeys/trace.zip
2026-10-01T06:49:24.0414866Z 
2026-10-01T06:49:24.0415638Z     ────────────────────────────────────────────────────────────────────────────────────────────────
2026-10-01T06:49:24.0415976Z 
2026-10-01T06:49:24.0416572Z   6) [journeys] › tests/browser/compare-refresh.spec.mjs:63:1 › long term comparison does not show short visit or invented care times 
2026-10-01T06:49:24.0417245Z 
2026-10-01T06:49:24.0417570Z     Error: expect(locator).toBeFocused() failed
2026-10-01T06:49:24.0417949Z 
2026-10-01T06:49:24.0418086Z     Locator:  locator('.equalpath')
2026-10-01T06:49:24.0418354Z     Expected: focused
2026-10-01T06:49:24.0418578Z     Received: inactive
2026-10-01T06:49:24.0418799Z     Timeout:  5000ms
2026-10-01T06:49:24.0418932Z 
2026-10-01T06:49:24.0419190Z     Call log:
2026-10-01T06:49:24.0419535Z       - Expect "toBeFocused" locator('.equalpath') with timeout 5000ms
2026-10-01T06:49:24.0420235Z       - waiting for locator('.equalpath')
2026-10-01T06:49:24.0421330Z         13 × locator resolved to <main inert="" tabindex="-1" data-mode="live" aria-hidden="true" data-reduced="false" data-search-state="ready" class="equalpath map-first light mobile-map">…</main>
2026-10-01T06:49:24.0422149Z            - unexpected value "inactive"
2026-10-01T06:49:24.0422342Z 
2026-10-01T06:49:24.0422348Z 
2026-10-01T06:49:24.0422815Z       17 |   await page.goto(regular ? '/?care=regular#discover' : '/#discover');
2026-10-01T06:49:24.0425189Z       18 |   await expect(page.locator('#pickup-search')).not.toBeFocused();
2026-10-01T06:49:24.0425829Z     > 19 |   await expect(page.locator('.equalpath')).toBeFocused();
2026-10-01T06:49:24.0426340Z          |                                            ^
2026-10-01T06:49:24.0427447Z       20 |   await page.keyboard.press('/'); await expect(page.locator('#pickup-search')).toBeFocused();
2026-10-01T06:49:24.0428381Z       21 |   await openSearch(page);
2026-10-01T06:49:24.0428827Z       22 |   if (!regular) {
2026-10-01T06:49:24.0429700Z         at start (/home/runner/work/equalpath-web/equalpath-web/tests/browser/compare-refresh.spec.mjs:19:44)
2026-10-01T06:49:24.0431170Z         at /home/runner/work/equalpath-web/equalpath-web/tests/browser/compare-refresh.spec.mjs:64:3
2026-10-01T06:49:24.0431820Z 
2026-10-01T06:49:24.0432547Z     attachment #1: screenshot (image/png) ──────────────────────────────────────────────────────────
2026-10-01T06:49:24.0433897Z     .build/browser-results/compare-refresh-long-term--4427e-isit-or-invented-care-times-journeys/test-failed-1.png
2026-10-01T06:49:24.0435301Z     ────────────────────────────────────────────────────────────────────────────────────────────────
2026-10-01T06:49:24.0435762Z 
2026-10-01T06:49:24.0436624Z     Error Context: .build/browser-results/compare-refresh-long-term--4427e-isit-or-invented-care-times-journeys/error-context.md
2026-10-01T06:49:24.0437531Z 
2026-10-01T06:49:24.0438275Z     attachment #3: trace (application/zip) ─────────────────────────────────────────────────────────
2026-10-01T06:49:24.0439509Z     .build/browser-results/compare-refresh-long-term--4427e-isit-or-invented-care-times-journeys/trace.zip
2026-10-01T06:49:24.0440600Z     Usage:
2026-10-01T06:49:24.0440784Z 
2026-10-01T06:49:24.0441670Z         npx playwright show-trace .build/browser-results/compare-refresh-long-term--4427e-isit-or-invented-care-times-journeys/trace.zip
2026-10-01T06:49:24.0442651Z 
2026-10-01T06:49:24.0443260Z     ────────────────────────────────────────────────────────────────────────────────────────────────
2026-10-01T06:49:24.0443736Z 
2026-10-01T06:49:24.0444580Z   7) [journeys] › tests/browser/compare-refresh.spec.mjs:70:1 › map picking and notices use contained rounded controls 
2026-10-01T06:49:24.0445275Z 
2026-10-01T06:49:24.0445510Z     Error: expect(locator).toBeFocused() failed
2026-10-01T06:49:24.0446082Z 
2026-10-01T06:49:24.0446276Z     Locator:  locator('.equalpath')
2026-10-01T06:49:24.0446715Z     Expected: focused
2026-10-01T06:49:24.0447042Z     Received: inactive
2026-10-01T06:49:24.0447417Z     Timeout:  5000ms
2026-10-01T06:49:24.0447643Z 
2026-10-01T06:49:24.0447794Z     Call log:
2026-10-01T06:49:24.0448365Z       - Expect "toBeFocused" locator('.equalpath') with timeout 5000ms
2026-10-01T06:49:24.0449074Z       - waiting for locator('.equalpath')
2026-10-01T06:49:24.0451282Z         13 × locator resolved to <main inert="" tabindex="-1" data-mode="live" aria-hidden="true" data-reduced="false" data-search-state="ready" class="equalpath map-first light mobile-map">…</main>
2026-10-01T06:49:24.0452725Z            - unexpected value "inactive"
2026-10-01T06:49:24.0453054Z 
2026-10-01T06:49:24.0453062Z 
2026-10-01T06:49:24.0453483Z       17 |   await page.goto(regular ? '/?care=regular#discover' : '/#discover');
2026-10-01T06:49:24.0454411Z       18 |   await expect(page.locator('#pickup-search')).not.toBeFocused();
2026-10-01T06:49:24.0455333Z     > 19 |   await expect(page.locator('.equalpath')).toBeFocused();
2026-10-01T06:49:24.0456006Z          |                                            ^
2026-10-01T06:49:24.0456933Z       20 |   await page.keyboard.press('/'); await expect(page.locator('#pickup-search')).toBeFocused();
2026-10-01T06:49:24.0457806Z       21 |   await openSearch(page);
2026-10-01T06:49:24.0458316Z       22 |   if (!regular) {
2026-10-01T06:49:24.0459246Z         at start (/home/runner/work/equalpath-web/equalpath-web/tests/browser/compare-refresh.spec.mjs:19:44)
2026-10-01T06:49:24.0461092Z         at /home/runner/work/equalpath-web/equalpath-web/tests/browser/compare-refresh.spec.mjs:71:60
2026-10-01T06:49:24.0461819Z 
2026-10-01T06:49:24.0462593Z     attachment #1: screenshot (image/png) ──────────────────────────────────────────────────────────
2026-10-01T06:49:24.0463934Z     .build/browser-results/compare-refresh-map-pickin-f823a--contained-rounded-controls-journeys/test-failed-1.png
2026-10-01T06:49:24.0465373Z     ────────────────────────────────────────────────────────────────────────────────────────────────
2026-10-01T06:49:24.0465840Z 
2026-10-01T06:49:24.0466701Z     Error Context: .build/browser-results/compare-refresh-map-pickin-f823a--contained-rounded-controls-journeys/error-context.md
2026-10-01T06:49:24.0467623Z 
2026-10-01T06:49:24.0468270Z     attachment #3: trace (application/zip) ─────────────────────────────────────────────────────────
2026-10-01T06:49:24.0469567Z     .build/browser-results/compare-refresh-map-pickin-f823a--contained-rounded-controls-journeys/trace.zip
2026-10-01T06:49:24.0470662Z     Usage:
2026-10-01T06:49:24.0470859Z 
2026-10-01T06:49:24.0471756Z         npx playwright show-trace .build/browser-results/compare-refresh-map-pickin-f823a--contained-rounded-controls-journeys/trace.zip
2026-10-01T06:49:24.0472731Z 
2026-10-01T06:49:24.0473309Z     ────────────────────────────────────────────────────────────────────────────────────────────────
2026-10-01T06:49:24.0473945Z 
2026-10-01T06:49:24.0475225Z   8) [journeys] › tests/browser/contact-priority.spec.mjs:8:1 › contact priority stays consistent across results, map and comparison, with a contact-free second-page fallback 
2026-10-01T06:49:24.0476295Z 
2026-10-01T06:49:24.0476643Z     Error: expect(locator).toHaveAttribute(expected) failed
2026-10-01T06:49:24.0477082Z 
2026-10-01T06:49:24.0477338Z     Locator:  locator('.provider-row').last()
2026-10-01T06:49:24.0477832Z     Expected: "p-0"
2026-10-01T06:49:24.0478194Z     Received: "p-10"
2026-10-01T06:49:24.0478559Z     Timeout:  5000ms
2026-10-01T06:49:24.0478770Z 
2026-10-01T06:49:24.0478913Z     Call log:
2026-10-01T06:49:24.0479588Z       - Expect "toHaveAttribute" locator('.provider-row').last() with timeout 5000ms
2026-10-01T06:49:24.0480594Z       - waiting for locator('.provider-row').last()
2026-10-01T06:49:24.0482280Z         14 × locator resolved to <article id="card-p-10" class="provider-row   " data-provider-id="p-10" data-rerank-position="10" data-rerank-score="0.6165912326865659">…</article>
2026-10-01T06:49:24.0483562Z            - unexpected value "p-10"
2026-10-01T06:49:24.0483873Z 
2026-10-01T06:49:24.0483881Z 
2026-10-01T06:49:24.0484823Z       30 |   expect(await page.locator(".provider-pin.suggested").evaluateAll(rows => rows.map(p => p.dataset.providerId).sort())).toEqual(["p-8", "p-9"]);
2026-10-01T06:49:24.0486152Z       31 |   await expect(page.locator(".provider-row")).toHaveCount(10);
2026-10-01T06:49:24.0487225Z     > 32 |   await expect(page.locator(".provider-row").last()).toHaveAttribute("data-provider-id", "p-0");
2026-10-01T06:49:24.0488305Z          |                                                      ^
2026-10-01T06:49:24.0489292Z       33 |   await expect(page.locator(".provider-pin.conflict")).toHaveAttribute("data-provider-id", "p-0");
2026-10-01T06:49:24.0490698Z       34 |   await page.getByRole("combobox", { name: "Order search results", exact: true }).click();
2026-10-01T06:49:24.0491783Z       35 |   await page.getByRole("option", { name: "Lowest fee", exact: true }).click();
2026-10-01T06:49:24.0492918Z         at /home/runner/work/equalpath-web/equalpath-web/tests/browser/contact-priority.spec.mjs:32:54
2026-10-01T06:49:24.0493562Z 
2026-10-01T06:49:24.0494244Z     attachment #1: screenshot (image/png) ──────────────────────────────────────────────────────────
2026-10-01T06:49:24.0495588Z     .build/browser-results/contact-priority-contact-p-807b0-t-free-second-page-fallback-journeys/test-failed-1.png
2026-10-01T06:49:24.0497032Z     ────────────────────────────────────────────────────────────────────────────────────────────────
2026-10-01T06:49:24.0497491Z 
2026-10-01T06:49:24.0498379Z     Error Context: .build/browser-results/contact-priority-contact-p-807b0-t-free-second-page-fallback-journeys/error-context.md
2026-10-01T06:49:24.0499297Z 
2026-10-01T06:49:24.0500115Z     attachment #3: trace (application/zip) ─────────────────────────────────────────────────────────
2026-10-01T06:49:24.0501411Z     .build/browser-results/contact-priority-contact-p-807b0-t-free-second-page-fallback-journeys/trace.zip
2026-10-01T06:49:24.0502312Z     Usage:
2026-10-01T06:49:24.0502489Z 
2026-10-01T06:49:24.0503399Z         npx playwright show-trace .build/browser-results/contact-priority-contact-p-807b0-t-free-second-page-fallback-journeys/trace.zip
2026-10-01T06:49:24.0504328Z 
2026-10-01T06:49:24.0504925Z     ────────────────────────────────────────────────────────────────────────────────────────────────
2026-10-01T06:49:24.0505430Z 
2026-10-01T06:49:24.0506478Z   9) [journeys] › tests/browser/location-actions.spec.mjs:34:3 › 320px: both location actions are direct and map selection shows You 
2026-10-01T06:49:24.0507293Z 
2026-10-01T06:49:24.0507537Z     Error: expect(locator).toBeVisible() failed
2026-10-01T06:49:24.0507874Z 
2026-10-01T06:49:24.0508098Z     Locator: locator('.provider-pin').first()
2026-10-01T06:49:24.0508563Z     Expected: visible
2026-10-01T06:49:24.0508914Z     Timeout: 5000ms
2026-10-01T06:49:24.0509524Z     Error: element(s) not found
2026-10-01T06:49:24.0509947Z 
2026-10-01T06:49:24.0510088Z     Call log:
2026-10-01T06:49:24.0510687Z       - Expect "toBeVisible" locator('.provider-pin').first() with timeout 5000ms
2026-10-01T06:49:24.0511531Z       - waiting for locator('.provider-pin').first()
2026-10-01T06:49:24.0511905Z 
2026-10-01T06:49:24.0511913Z 
2026-10-01T06:49:24.0512686Z       28 |   await page.route('**/api', async route => route.fulfill({ json: { ok: true, ...await api(route.request().postDataJSON()) } }));
2026-10-01T06:49:24.0513698Z       29 |   await page.goto('/#discover');
2026-10-01T06:49:24.0514597Z     > 30 |   await expect(page.locator('.provider-pin').first()).toBeVisible();
2026-10-01T06:49:24.0515342Z          |                                                       ^
2026-10-01T06:49:24.0515814Z       31 | }
2026-10-01T06:49:24.0516131Z       32 |
2026-10-01T06:49:24.0516752Z       33 | for (const [width, height] of [[320, 568], [390, 844], [768, 1024], [1440, 900]]) {
2026-10-01T06:49:24.0517960Z         at setup (/home/runner/work/equalpath-web/equalpath-web/tests/browser/location-actions.spec.mjs:30:55)
2026-10-01T06:49:24.0519290Z         at /home/runner/work/equalpath-web/equalpath-web/tests/browser/location-actions.spec.mjs:36:5
2026-10-01T06:49:24.0520132Z 
2026-10-01T06:49:24.0520856Z     attachment #1: screenshot (image/png) ──────────────────────────────────────────────────────────
2026-10-01T06:49:24.0522226Z     .build/browser-results/location-actions-320px-bot-4071d-and-map-selection-shows-You-journeys/test-failed-1.png
2026-10-01T06:49:24.0523703Z     ────────────────────────────────────────────────────────────────────────────────────────────────
2026-10-01T06:49:24.0524182Z 
2026-10-01T06:49:24.0525064Z     Error Context: .build/browser-results/location-actions-320px-bot-4071d-and-map-selection-shows-You-journeys/error-context.md
2026-10-01T06:49:24.0526005Z 
2026-10-01T06:49:24.0526703Z     attachment #3: trace (application/zip) ─────────────────────────────────────────────────────────
2026-10-01T06:49:24.0528041Z     .build/browser-results/location-actions-320px-bot-4071d-and-map-selection-shows-You-journeys/trace.zip
2026-10-01T06:49:24.0528956Z     Usage:
2026-10-01T06:49:24.0529133Z 
2026-10-01T06:49:24.0530181Z         npx playwright show-trace .build/browser-results/location-actions-320px-bot-4071d-and-map-selection-shows-You-journeys/trace.zip
2026-10-01T06:49:24.0531098Z 
2026-10-01T06:49:24.0531773Z     ────────────────────────────────────────────────────────────────────────────────────────────────
2026-10-01T06:49:24.0532270Z 
2026-10-01T06:49:24.0533274Z   10) [journeys] › tests/browser/location-actions.spec.mjs:34:3 › 390px: both location actions are direct and map selection shows You 
2026-10-01T06:49:24.0534566Z 
2026-10-01T06:49:24.0534833Z     Error: expect(locator).toBeVisible() failed
2026-10-01T06:49:24.0535200Z 
2026-10-01T06:49:24.0535439Z     Locator: locator('.provider-pin').first()
2026-10-01T06:49:24.0535919Z     Expected: visible
2026-10-01T06:49:24.0536458Z     Timeout: 5000ms
2026-10-01T06:49:24.0536835Z     Error: element(s) not found
2026-10-01T06:49:24.0537089Z 
2026-10-01T06:49:24.0537218Z     Call log:
2026-10-01T06:49:24.0537804Z       - Expect "toBeVisible" locator('.provider-pin').first() with timeout 5000ms
2026-10-01T06:49:24.0538584Z       - waiting for locator('.provider-pin').first()
2026-10-01T06:49:24.0538963Z 
2026-10-01T06:49:24.0538972Z 
2026-10-01T06:49:24.0539916Z       28 |   await page.route('**/api', async route => route.fulfill({ json: { ok: true, ...await api(route.request().postDataJSON()) } }));
2026-10-01T06:49:24.0540934Z       29 |   await page.goto('/#discover');
2026-10-01T06:49:24.0541667Z     > 30 |   await expect(page.locator('.provider-pin').first()).toBeVisible();
2026-10-01T06:49:24.0542418Z          |                                                       ^
2026-10-01T06:49:24.0542880Z       31 | }
2026-10-01T06:49:24.0543183Z       32 |
2026-10-01T06:49:24.0543767Z       33 | for (const [width, height] of [[320, 568], [390, 844], [768, 1024], [1440, 900]]) {
2026-10-01T06:49:24.0544926Z         at setup (/home/runner/work/equalpath-web/equalpath-web/tests/browser/location-actions.spec.mjs:30:55)
2026-10-01T06:49:24.0546205Z         at /home/runner/work/equalpath-web/equalpath-web/tests/browser/location-actions.spec.mjs:36:5
2026-10-01T06:49:24.0546865Z 
2026-10-01T06:49:24.0547554Z     attachment #1: screenshot (image/png) ──────────────────────────────────────────────────────────
2026-10-01T06:49:24.0548904Z     .build/browser-results/location-actions-390px-bot-47e4c-and-map-selection-shows-You-journeys/test-failed-1.png
2026-10-01T06:49:24.0550786Z     ────────────────────────────────────────────────────────────────────────────────────────────────
2026-10-01T06:49:24.0551319Z 
2026-10-01T06:49:24.0552224Z     Error Context: .build/browser-results/location-actions-390px-bot-47e4c-and-map-selection-shows-You-journeys/error-context.md
2026-10-01T06:49:24.0553112Z 
2026-10-01T06:49:24.0553800Z     attachment #3: trace (application/zip) ─────────────────────────────────────────────────────────
2026-10-01T06:49:24.0555122Z     .build/browser-results/location-actions-390px-bot-47e4c-and-map-selection-shows-You-journeys/trace.zip
2026-10-01T06:49:24.0556039Z     Usage:
2026-10-01T06:49:24.0556225Z 
2026-10-01T06:49:24.0557173Z         npx playwright show-trace .build/browser-results/location-actions-390px-bot-47e4c-and-map-selection-shows-You-journeys/trace.zip
2026-10-01T06:49:24.0558169Z 
2026-10-01T06:49:24.0558782Z     ────────────────────────────────────────────────────────────────────────────────────────────────
2026-10-01T06:49:24.0559242Z 
2026-10-01T06:49:24.0560364Z   11) [journeys] › tests/browser/location-actions.spec.mjs:34:3 › 768px: both location actions are direct and map selection shows You 
2026-10-01T06:49:24.0561171Z 
2026-10-01T06:49:24.0561444Z     Error: expect(locator).toBeVisible() failed
2026-10-01T06:49:24.0561801Z 
2026-10-01T06:49:24.0562045Z     Locator: locator('.provider-pin').first()
2026-10-01T06:49:24.0562550Z     Expected: visible
2026-10-01T06:49:24.0562920Z     Timeout: 5000ms
2026-10-01T06:49:24.0563331Z     Error: element(s) not found
2026-10-01T06:49:24.0563615Z 
2026-10-01T06:49:24.0563757Z     Call log:
2026-10-01T06:49:24.0564396Z       - Expect "toBeVisible" locator('.provider-pin').first() with timeout 5000ms
2026-10-01T06:49:24.0565162Z       - waiting for locator('.provider-pin').first()
2026-10-01T06:49:24.0565516Z 
2026-10-01T06:49:24.0565524Z 
2026-10-01T06:49:24.0566249Z       28 |   await page.route('**/api', async route => route.fulfill({ json: { ok: true, ...await api(route.request().postDataJSON()) } }));
2026-10-01T06:49:24.0567216Z       29 |   await page.goto('/#discover');
2026-10-01T06:49:24.0567945Z     > 30 |   await expect(page.locator('.provider-pin').first()).toBeVisible();
2026-10-01T06:49:24.0568705Z          |                                                       ^
2026-10-01T06:49:24.0569230Z       31 | }
2026-10-01T06:49:24.0569541Z       32 |
2026-10-01T06:49:24.0570477Z       33 | for (const [width, height] of [[320, 568], [390, 844], [768, 1024], [1440, 900]]) {
2026-10-01T06:49:24.0571667Z         at setup (/home/runner/work/equalpath-web/equalpath-web/tests/browser/location-actions.spec.mjs:30:55)
2026-10-01T06:49:24.0572934Z         at /home/runner/work/equalpath-web/equalpath-web/tests/browser/location-actions.spec.mjs:36:5
2026-10-01T06:49:24.0573621Z 
2026-10-01T06:49:24.0574338Z     attachment #1: screenshot (image/png) ──────────────────────────────────────────────────────────
2026-10-01T06:49:24.0575771Z     .build/browser-results/location-actions-768px-bot-6f506-and-map-selection-shows-You-journeys/test-failed-1.png
2026-10-01T06:49:24.0576754Z     ────────────────────────────────────────────────────────────────────────────────────────────────
2026-10-01T06:49:24.0577238Z 
2026-10-01T06:49:24.0578146Z     Error Context: .build/browser-results/location-actions-768px-bot-6f506-and-map-selection-shows-You-journeys/error-context.md
2026-10-01T06:49:24.0579131Z 
2026-10-01T06:49:24.0580187Z     attachment #3: trace (application/zip) ─────────────────────────────────────────────────────────
2026-10-01T06:49:24.0581660Z     .build/browser-results/location-actions-768px-bot-6f506-and-map-selection-shows-You-journeys/trace.zip
2026-10-01T06:49:24.0582705Z     Usage:
2026-10-01T06:49:24.0582899Z 
2026-10-01T06:49:24.0583912Z         npx playwright show-trace .build/browser-results/location-actions-768px-bot-6f506-and-map-selection-shows-You-journeys/trace.zip
2026-10-01T06:49:24.0584962Z 
2026-10-01T06:49:24.0585688Z     ────────────────────────────────────────────────────────────────────────────────────────────────
2026-10-01T06:49:24.0586247Z 
2026-10-01T06:49:24.0587320Z   12) [journeys] › tests/browser/location-actions.spec.mjs:34:3 › 1440px: both location actions are direct and map selection shows You 
2026-10-01T06:49:24.0588256Z 
2026-10-01T06:49:24.0588555Z     Error: expect(locator).toBeVisible() failed
2026-10-01T06:49:24.0588995Z 
2026-10-01T06:49:24.0589316Z     Locator: locator('.provider-pin').first()
2026-10-01T06:49:24.0590091Z     Expected: visible
2026-10-01T06:49:24.0590504Z     Timeout: 5000ms
2026-10-01T06:49:24.0590928Z     Error: element(s) not found
2026-10-01T06:49:24.0591231Z 
2026-10-01T06:49:24.0591395Z     Call log:
2026-10-01T06:49:24.0592096Z       - Expect "toBeVisible" locator('.provider-pin').first() with timeout 5000ms
2026-10-01T06:49:24.0593001Z       - waiting for locator('.provider-pin').first()
2026-10-01T06:49:24.0593406Z 
2026-10-01T06:49:24.0593417Z 
2026-10-01T06:49:24.0594266Z       28 |   await page.route('**/api', async route => route.fulfill({ json: { ok: true, ...await api(route.request().postDataJSON()) } }));
2026-10-01T06:49:24.0595399Z       29 |   await page.goto('/#discover');
2026-10-01T06:49:24.0596239Z     > 30 |   await expect(page.locator('.provider-pin').first()).toBeVisible();
2026-10-01T06:49:24.0597083Z          |                                                       ^
2026-10-01T06:49:24.0597911Z       31 | }
2026-10-01T06:49:24.0598276Z       32 |
2026-10-01T06:49:24.0598962Z       33 | for (const [width, height] of [[320, 568], [390, 844], [768, 1024], [1440, 900]]) {
2026-10-01T06:49:24.0600524Z         at setup (/home/runner/work/equalpath-web/equalpath-web/tests/browser/location-actions.spec.mjs:30:55)
2026-10-01T06:49:24.0602013Z         at /home/runner/work/equalpath-web/equalpath-web/tests/browser/location-actions.spec.mjs:36:5
2026-10-01T06:49:24.0602765Z 
2026-10-01T06:49:24.0603605Z     attachment #1: screenshot (image/png) ──────────────────────────────────────────────────────────
2026-10-01T06:49:24.0605355Z     .build/browser-results/location-actions-1440px-bo-2e9b3-and-map-selection-shows-You-journeys/test-failed-1.png
2026-10-01T06:49:24.0607132Z     ────────────────────────────────────────────────────────────────────────────────────────────────
2026-10-01T06:49:24.0607680Z 
2026-10-01T06:49:24.0608661Z     Error Context: .build/browser-results/location-actions-1440px-bo-2e9b3-and-map-selection-shows-You-journeys/error-context.md
2026-10-01T06:49:24.0609724Z 
2026-10-01T06:49:24.0610761Z     attachment #3: trace (application/zip) ─────────────────────────────────────────────────────────
2026-10-01T06:49:24.0612101Z     .build/browser-results/location-actions-1440px-bo-2e9b3-and-map-selection-shows-You-journeys/trace.zip
2026-10-01T06:49:24.0613040Z     Usage:
2026-10-01T06:49:24.0613239Z 
2026-10-01T06:49:24.0614234Z         npx playwright show-trace .build/browser-results/location-actions-1440px-bo-2e9b3-and-map-selection-shows-You-journeys/trace.zip
2026-10-01T06:49:24.0615246Z 
2026-10-01T06:49:24.0615932Z     ────────────────────────────────────────────────────────────────────────────────────────────────
2026-10-01T06:49:24.0616408Z 
2026-10-01T06:49:24.0617364Z   13) [journeys] › tests/browser/location-actions.spec.mjs:63:1 › device location runs only on click, stops its watch, and shows You 
2026-10-01T06:49:24.0618206Z 
2026-10-01T06:49:24.0618511Z     Error: expect(locator).toBeVisible() failed
2026-10-01T06:49:24.0620568Z 
2026-10-01T06:49:24.0620784Z     Locator: locator('.provider-pin').first()
2026-10-01T06:49:24.0621165Z     Expected: visible
2026-10-01T06:49:24.0621408Z     Timeout: 5000ms
2026-10-01T06:49:24.0621807Z     Error: element(s) not found
2026-10-01T06:49:24.0621974Z 
2026-10-01T06:49:24.0622061Z     Call log:
2026-10-01T06:49:24.0622448Z       - Expect "toBeVisible" locator('.provider-pin').first() with timeout 5000ms
2026-10-01T06:49:24.0622933Z       - waiting for locator('.provider-pin').first()
2026-10-01T06:49:24.0623154Z 
2026-10-01T06:49:24.0623159Z 
2026-10-01T06:49:24.0623623Z       28 |   await page.route('**/api', async route => route.fulfill({ json: { ok: true, ...await api(route.request().postDataJSON()) } }));
2026-10-01T06:49:24.0624220Z       29 |   await page.goto('/#discover');
2026-10-01T06:49:24.0624922Z     > 30 |   await expect(page.locator('.provider-pin').first()).toBeVisible();
2026-10-01T06:49:24.0625549Z          |                                                       ^
2026-10-01T06:49:24.0626186Z       31 | }
2026-10-01T06:49:24.0626475Z       32 |
2026-10-01T06:49:24.0627012Z       33 | for (const [width, height] of [[320, 568], [390, 844], [768, 1024], [1440, 900]]) {
2026-10-01T06:49:24.0628242Z         at setup (/home/runner/work/equalpath-web/equalpath-web/tests/browser/location-actions.spec.mjs:30:55)
2026-10-01T06:49:24.0630036Z         at /home/runner/work/equalpath-web/equalpath-web/tests/browser/location-actions.spec.mjs:64:3
2026-10-01T06:49:24.0630915Z 
2026-10-01T06:49:24.0631807Z     attachment #1: screenshot (image/png) ──────────────────────────────────────────────────────────
2026-10-01T06:49:24.0633422Z     .build/browser-results/location-actions-device-lo-49fe8-ops-its-watch-and-shows-You-journeys/test-failed-1.png
2026-10-01T06:49:24.0635209Z     ────────────────────────────────────────────────────────────────────────────────────────────────
2026-10-01T06:49:24.0635760Z 
2026-10-01T06:49:24.0650363Z     Error Context: .build/browser-results/location-actions-device-lo-49fe8-ops-its-watch-and-shows-You-journeys/error-context.md
2026-10-01T06:49:24.0651382Z 
2026-10-01T06:49:24.0652215Z     attachment #3: trace (application/zip) ─────────────────────────────────────────────────────────
2026-10-01T06:49:24.0653676Z     .build/browser-results/location-actions-device-lo-49fe8-ops-its-watch-and-shows-You-journeys/trace.zip
2026-10-01T06:49:24.0654620Z     Usage:
2026-10-01T06:49:24.0654874Z 
2026-10-01T06:49:24.0655800Z         npx playwright show-trace .build/browser-results/location-actions-device-lo-49fe8-ops-its-watch-and-shows-You-journeys/trace.zip
2026-10-01T06:49:24.0656761Z 
2026-10-01T06:49:24.0657624Z     ────────────────────────────────────────────────────────────────────────────────────────────────
2026-10-01T06:49:24.0658131Z 
2026-10-01T06:49:24.0659120Z   14) [journeys] › tests/browser/location-actions.spec.mjs:73:1 › blocked device location leaves the manual map action directly available 
2026-10-01T06:49:24.0660199Z 
2026-10-01T06:49:24.0660467Z     Error: expect(locator).toBeVisible() failed
2026-10-01T06:49:24.0660827Z 
2026-10-01T06:49:24.0661075Z     Locator: locator('.provider-pin').first()
2026-10-01T06:49:24.0661581Z     Expected: visible
2026-10-01T06:49:24.0661964Z     Timeout: 5000ms
2026-10-01T06:49:24.0662371Z     Error: element(s) not found
2026-10-01T06:49:24.0662647Z 
2026-10-01T06:49:24.0662785Z     Call log:
2026-10-01T06:49:24.0663481Z       - Expect "toBeVisible" locator('.provider-pin').first() with timeout 5000ms
2026-10-01T06:49:24.0664284Z       - waiting for locator('.provider-pin').first()
2026-10-01T06:49:24.0664750Z 
2026-10-01T06:49:24.0664759Z 
2026-10-01T06:49:24.0665561Z       28 |   await page.route('**/api', async route => route.fulfill({ json: { ok: true, ...await api(route.request().postDataJSON()) } }));
2026-10-01T06:49:24.0666299Z       29 |   await page.goto('/#discover');
2026-10-01T06:49:24.0666793Z     > 30 |   await expect(page.locator('.provider-pin').first()).toBeVisible();
2026-10-01T06:49:24.0667526Z          |                                                       ^
2026-10-01T06:49:24.0668054Z       31 | }
2026-10-01T06:49:24.0668350Z       32 |
2026-10-01T06:49:24.0668730Z       33 | for (const [width, height] of [[320, 568], [390, 844], [768, 1024], [1440, 900]]) {
2026-10-01T06:49:24.0669438Z         at setup (/home/runner/work/equalpath-web/equalpath-web/tests/browser/location-actions.spec.mjs:30:55)
2026-10-01T06:49:24.0670617Z         at /home/runner/work/equalpath-web/equalpath-web/tests/browser/location-actions.spec.mjs:74:3
2026-10-01T06:49:24.0671021Z 
2026-10-01T06:49:24.0671499Z     attachment #1: screenshot (image/png) ──────────────────────────────────────────────────────────
2026-10-01T06:49:24.0672326Z     .build/browser-results/location-actions-blocked-d-e9284-p-action-directly-available-journeys/test-failed-1.png
2026-10-01T06:49:24.0673185Z     ────────────────────────────────────────────────────────────────────────────────────────────────
2026-10-01T06:49:24.0673669Z 
2026-10-01T06:49:24.0674184Z     Error Context: .build/browser-results/location-actions-blocked-d-e9284-p-action-directly-available-journeys/error-context.md
2026-10-01T06:49:24.0674727Z 
2026-10-01T06:49:24.0675125Z     attachment #3: trace (application/zip) ─────────────────────────────────────────────────────────
2026-10-01T06:49:24.0675892Z     .build/browser-results/location-actions-blocked-d-e9284-p-action-directly-available-journeys/trace.zip
2026-10-01T06:49:24.0676431Z     Usage:
2026-10-01T06:49:24.0676547Z 
2026-10-01T06:49:24.0677203Z         npx playwright show-trace .build/browser-results/location-actions-blocked-d-e9284-p-action-directly-available-journeys/trace.zip
2026-10-01T06:49:24.0677773Z 
2026-10-01T06:49:24.0678128Z     ────────────────────────────────────────────────────────────────────────────────────────────────
2026-10-01T06:49:24.0678410Z 
2026-10-01T06:49:24.0679030Z   15) [journeys] › tests/browser/location-actions.spec.mjs:83:1 › switching to map selection cancels device location and ignores a late response 
2026-10-01T06:49:24.0679577Z 
2026-10-01T06:49:24.0680115Z     Error: expect(locator).toBeVisible() failed
2026-10-01T06:49:24.0680478Z 
2026-10-01T06:49:24.0680716Z     Locator: locator('.provider-pin').first()
2026-10-01T06:49:24.0681201Z     Expected: visible
2026-10-01T06:49:24.0681435Z     Timeout: 5000ms
2026-10-01T06:49:24.0681682Z     Error: element(s) not found
2026-10-01T06:49:24.0681855Z 
2026-10-01T06:49:24.0681938Z     Call log:
2026-10-01T06:49:24.0682323Z       - Expect "toBeVisible" locator('.provider-pin').first() with timeout 5000ms
2026-10-01T06:49:24.0682805Z       - waiting for locator('.provider-pin').first()
2026-10-01T06:49:24.0683242Z 
2026-10-01T06:49:24.0683252Z 
2026-10-01T06:49:24.0684035Z       28 |   await page.route('**/api', async route => route.fulfill({ json: { ok: true, ...await api(route.request().postDataJSON()) } }));
2026-10-01T06:49:24.0684701Z       29 |   await page.goto('/#discover');
2026-10-01T06:49:24.0685181Z     > 30 |   await expect(page.locator('.provider-pin').first()).toBeVisible();
2026-10-01T06:49:24.0685780Z          |                                                       ^
2026-10-01T06:49:24.0686081Z       31 | }
2026-10-01T06:49:24.0686273Z       32 |
2026-10-01T06:49:24.0686641Z       33 | for (const [width, height] of [[320, 568], [390, 844], [768, 1024], [1440, 900]]) {
2026-10-01T06:49:24.0687349Z         at setup (/home/runner/work/equalpath-web/equalpath-web/tests/browser/location-actions.spec.mjs:30:55)
2026-10-01T06:49:24.0688116Z         at /home/runner/work/equalpath-web/equalpath-web/tests/browser/location-actions.spec.mjs:84:3
2026-10-01T06:49:24.0688506Z 
2026-10-01T06:49:24.0688950Z     attachment #1: screenshot (image/png) ──────────────────────────────────────────────────────────
2026-10-01T06:49:24.0690007Z     .build/browser-results/location-actions-switching-317db-and-ignores-a-late-response-journeys/test-failed-1.png
2026-10-01T06:49:24.0691020Z     ────────────────────────────────────────────────────────────────────────────────────────────────
2026-10-01T06:49:24.0691503Z 
2026-10-01T06:49:24.0692041Z     Error Context: .build/browser-results/location-actions-switching-317db-and-ignores-a-late-response-journeys/error-context.md
2026-10-01T06:49:24.0692584Z 
2026-10-01T06:49:24.0692982Z     attachment #3: trace (application/zip) ─────────────────────────────────────────────────────────
2026-10-01T06:49:24.0694365Z     .build/browser-results/location-actions-switching-317db-and-ignores-a-late-response-journeys/trace.zip
2026-10-01T06:49:24.0695315Z     Usage:
2026-10-01T06:49:24.0695436Z 
2026-10-01T06:49:24.0696156Z         npx playwright show-trace .build/browser-results/location-actions-switching-317db-and-ignores-a-late-response-journeys/trace.zip
2026-10-01T06:49:24.0696738Z 
2026-10-01T06:49:24.0697135Z     ────────────────────────────────────────────────────────────────────────────────────────────────
2026-10-01T06:49:24.0697458Z 
2026-10-01T06:49:24.0698308Z   16) [journeys] › tests/browser/map-cards.spec.mjs:32:1 › before a search, a map card can be saved and comparison asks for the missing visit details 
2026-10-01T06:49:24.0699368Z 
2026-10-01T06:49:24.0699636Z     Test timeout of 45000ms exceeded.
2026-10-01T06:49:24.0700818Z 
2026-10-01T06:49:24.0701148Z     Error: locator.click: Test timeout of 45000ms exceeded.
2026-10-01T06:49:24.0701786Z     Call log:
2026-10-01T06:49:24.0702273Z       - waiting for locator('.provider-pin').first()
2026-10-01T06:49:24.0702728Z 
2026-10-01T06:49:24.0702734Z 
2026-10-01T06:49:24.0703188Z       32 | test('before a search, a map card can be saved and comparison asks for the missing visit details', async ({ page }) => {
2026-10-01T06:49:24.0703851Z       33 |   const calls = []; await setup(page, calls);
2026-10-01T06:49:24.0704306Z     > 34 |   await page.locator('.provider-pin').first().click();
2026-10-01T06:49:24.0704695Z          |                                               ^
2026-10-01T06:49:24.0705202Z       35 |   const card = visibleCards(page), name = await card.getAttribute('aria-label');
2026-10-01T06:49:24.0705848Z       36 |   await card.getByRole('button', { name: `Save: ${name}`, exact: true }).click();
2026-10-01T06:49:24.0706455Z       37 |   await page.getByRole('button', { name: 'Save centre', exact: true }).click();
2026-10-01T06:49:24.0707108Z         at /home/runner/work/equalpath-web/equalpath-web/tests/browser/map-cards.spec.mjs:34:47
2026-10-01T06:49:24.0707481Z 
2026-10-01T06:49:24.0707927Z     attachment #1: screenshot (image/png) ──────────────────────────────────────────────────────────
2026-10-01T06:49:24.0708762Z     .build/browser-results/map-cards-before-a-search--47d5d-r-the-missing-visit-details-journeys/test-failed-1.png
2026-10-01T06:49:24.0709608Z     ────────────────────────────────────────────────────────────────────────────────────────────────
2026-10-01T06:49:24.0710258Z 
2026-10-01T06:49:24.0711113Z     Error Context: .build/browser-results/map-cards-before-a-search--47d5d-r-the-missing-visit-details-journeys/error-context.md
2026-10-01T06:49:24.0711901Z 
2026-10-01T06:49:24.0712351Z     attachment #3: trace (application/zip) ─────────────────────────────────────────────────────────
2026-10-01T06:49:24.0713120Z     .build/browser-results/map-cards-before-a-search--47d5d-r-the-missing-visit-details-journeys/trace.zip
2026-10-01T06:49:24.0713663Z     Usage:
2026-10-01T06:49:24.0713773Z 
2026-10-01T06:49:24.0714304Z         npx playwright show-trace .build/browser-results/map-cards-before-a-search--47d5d-r-the-missing-visit-details-journeys/trace.zip
2026-10-01T06:49:24.0714863Z 
2026-10-01T06:49:24.0715384Z     ────────────────────────────────────────────────────────────────────────────────────────────────
2026-10-01T06:49:24.0715894Z 
2026-10-01T06:49:24.0716997Z   17) [journeys] › tests/browser/map-cards.spec.mjs:74:45 › 320px: map first, search opens three point cards, selection follows the marker and opens details 
2026-10-01T06:49:24.0717606Z 
2026-10-01T06:49:24.0717771Z     Error: expect(locator).toBeVisible() failed
2026-10-01T06:49:24.0718015Z 
2026-10-01T06:49:24.0718166Z     Locator: locator('.provider-pin').first()
2026-10-01T06:49:24.0718470Z     Expected: visible
2026-10-01T06:49:24.0718697Z     Timeout: 5000ms
2026-10-01T06:49:24.0718951Z     Error: element(s) not found
2026-10-01T06:49:24.0719113Z 
2026-10-01T06:49:24.0719199Z     Call log:
2026-10-01T06:49:24.0719579Z       - Expect "toBeVisible" locator('.provider-pin').first() with timeout 5000ms
2026-10-01T06:49:24.0720466Z       - waiting for locator('.provider-pin').first()
2026-10-01T06:49:24.0720695Z 
2026-10-01T06:49:24.0720701Z 
2026-10-01T06:49:24.0721130Z       77 |   await expect(page.locator(".discovery-panel")).not.toBeVisible();
2026-10-01T06:49:24.0721682Z       78 |   await expect(page.locator(".map-search-launch")).toBeVisible();
2026-10-01T06:49:24.0722215Z     > 79 |   await expect(page.locator(".provider-pin").first()).toBeVisible();
2026-10-01T06:49:24.0722661Z          |                                                       ^
2026-10-01T06:49:24.0723050Z       80 |   await search(page); await checkCards(page);
2026-10-01T06:49:24.0723543Z       81 |   if (width >= 1280) await expect(page.locator('.map-card-rail')).toHaveCount(0);
2026-10-01T06:49:24.0724339Z       82 |   const suggested = await page.locator(".provider-pin.suggested").evaluateAll(ns => ns.map(n => n.dataset.providerId).sort());
2026-10-01T06:49:24.0725176Z         at /home/runner/work/equalpath-web/equalpath-web/tests/browser/map-cards.spec.mjs:79:55
2026-10-01T06:49:24.0725543Z 
2026-10-01T06:49:24.0725977Z     attachment #1: screenshot (image/png) ──────────────────────────────────────────────────────────
2026-10-01T06:49:24.0726787Z     .build/browser-results/map-cards-320px-map-first--abf26-he-marker-and-opens-details-journeys/test-failed-1.png
2026-10-01T06:49:24.0727620Z     ────────────────────────────────────────────────────────────────────────────────────────────────
2026-10-01T06:49:24.0727908Z 
2026-10-01T06:49:24.0728399Z     Error Context: .build/browser-results/map-cards-320px-map-first--abf26-he-marker-and-opens-details-journeys/error-context.md
2026-10-01T06:49:24.0728944Z 
2026-10-01T06:49:24.0729341Z     attachment #3: trace (application/zip) ─────────────────────────────────────────────────────────
2026-10-01T06:49:24.0730449Z     .build/browser-results/map-cards-320px-map-first--abf26-he-marker-and-opens-details-journeys/trace.zip
2026-10-01T06:49:24.0730989Z     Usage:
2026-10-01T06:49:24.0731104Z 
2026-10-01T06:49:24.0731643Z         npx playwright show-trace .build/browser-results/map-cards-320px-map-first--abf26-he-marker-and-opens-details-journeys/trace.zip
2026-10-01T06:49:24.0732209Z 
2026-10-01T06:49:24.0732573Z     ────────────────────────────────────────────────────────────────────────────────────────────────
2026-10-01T06:49:24.0732867Z 
2026-10-01T06:49:24.0733531Z   18) [journeys] › tests/browser/map-cards.spec.mjs:74:45 › 390px: map first, search opens three point cards, selection follows the marker and opens details 
2026-10-01T06:49:24.0734251Z 
2026-10-01T06:49:24.0734408Z     Error: expect(locator).toBeVisible() failed
2026-10-01T06:49:24.0734630Z 
2026-10-01T06:49:24.0734779Z     Locator: locator('.provider-pin').first()
2026-10-01T06:49:24.0735073Z     Expected: visible
2026-10-01T06:49:24.0735299Z     Timeout: 5000ms
2026-10-01T06:49:24.0735548Z     Error: element(s) not found
2026-10-01T06:49:24.0735710Z 
2026-10-01T06:49:24.0735798Z     Call log:
2026-10-01T06:49:24.0736177Z       - Expect "toBeVisible" locator('.provider-pin').first() with timeout 5000ms
2026-10-01T06:49:24.0736661Z       - waiting for locator('.provider-pin').first()
2026-10-01T06:49:24.0736878Z 
2026-10-01T06:49:24.0736883Z 
2026-10-01T06:49:24.0737250Z       77 |   await expect(page.locator(".discovery-panel")).not.toBeVisible();
2026-10-01T06:49:24.0737787Z       78 |   await expect(page.locator(".map-search-launch")).toBeVisible();
2026-10-01T06:49:24.0738315Z     > 79 |   await expect(page.locator(".provider-pin").first()).toBeVisible();
2026-10-01T06:49:24.0738767Z          |                                                       ^
2026-10-01T06:49:24.0739144Z       80 |   await search(page); await checkCards(page);
2026-10-01T06:49:24.0739642Z       81 |   if (width >= 1280) await expect(page.locator('.map-card-rail')).toHaveCount(0);
2026-10-01T06:49:24.0740851Z       82 |   const suggested = await page.locator(".provider-pin.suggested").evaluateAll(ns => ns.map(n => n.dataset.providerId).sort());
2026-10-01T06:49:24.0741692Z         at /home/runner/work/equalpath-web/equalpath-web/tests/browser/map-cards.spec.mjs:79:55
2026-10-01T06:49:24.0742059Z 
2026-10-01T06:49:24.0742486Z     attachment #1: screenshot (image/png) ──────────────────────────────────────────────────────────
2026-10-01T06:49:24.0743284Z     .build/browser-results/map-cards-390px-map-first--6f9b4-he-marker-and-opens-details-journeys/test-failed-1.png
2026-10-01T06:49:24.0744120Z     ────────────────────────────────────────────────────────────────────────────────────────────────
2026-10-01T06:49:24.0744417Z 
2026-10-01T06:49:24.0744917Z     Error Context: .build/browser-results/map-cards-390px-map-first--6f9b4-he-marker-and-opens-details-journeys/error-context.md
2026-10-01T06:49:24.0745455Z 
2026-10-01T06:49:24.0745847Z     attachment #3: trace (application/zip) ─────────────────────────────────────────────────────────
2026-10-01T06:49:24.0746598Z     .build/browser-results/map-cards-390px-map-first--6f9b4-he-marker-and-opens-details-journeys/trace.zip
2026-10-01T06:49:24.0747130Z     Usage:
2026-10-01T06:49:24.0747245Z 
2026-10-01T06:49:24.0747780Z         npx playwright show-trace .build/browser-results/map-cards-390px-map-first--6f9b4-he-marker-and-opens-details-journeys/trace.zip
2026-10-01T06:49:24.0748328Z 
2026-10-01T06:49:24.0748674Z     ────────────────────────────────────────────────────────────────────────────────────────────────
2026-10-01T06:49:24.0748961Z 
2026-10-01T06:49:24.0749616Z   19) [journeys] › tests/browser/map-cards.spec.mjs:74:45 › 1280px: map first, search opens three point cards, selection follows the marker and opens details 
2026-10-01T06:49:24.0750722Z 
2026-10-01T06:49:24.0750894Z     Error: expect(locator).toBeVisible() failed
2026-10-01T06:49:24.0751120Z 
2026-10-01T06:49:24.0751267Z     Locator: locator('.provider-pin').first()
2026-10-01T06:49:24.0751569Z     Expected: visible
2026-10-01T06:49:24.0751794Z     Timeout: 5000ms
2026-10-01T06:49:24.0752048Z     Error: element(s) not found
2026-10-01T06:49:24.0752218Z 
2026-10-01T06:49:24.0752309Z     Call log:
2026-10-01T06:49:24.0752685Z       - Expect "toBeVisible" locator('.provider-pin').first() with timeout 5000ms
2026-10-01T06:49:24.0753290Z       - waiting for locator('.provider-pin').first()
2026-10-01T06:49:24.0753523Z 
2026-10-01T06:49:24.0753528Z 
2026-10-01T06:49:24.0753779Z       77 |   await expect(page.locator(".discovery-panel")).not.toBeVisible();
2026-10-01T06:49:24.0754309Z       78 |   await expect(page.locator(".map-search-launch")).toBeVisible();
2026-10-01T06:49:24.0754876Z     > 79 |   await expect(page.locator(".provider-pin").first()).toBeVisible();
2026-10-01T06:49:24.0755334Z          |                                                       ^
2026-10-01T06:49:24.0755716Z       80 |   await search(page); await checkCards(page);
2026-10-01T06:49:24.0756215Z       81 |   if (width >= 1280) await expect(page.locator('.map-card-rail')).toHaveCount(0);
2026-10-01T06:49:24.0757017Z       82 |   const suggested = await page.locator(".provider-pin.suggested").evaluateAll(ns => ns.map(n => n.dataset.providerId).sort());
2026-10-01T06:49:24.0757832Z         at /home/runner/work/equalpath-web/equalpath-web/tests/browser/map-cards.spec.mjs:79:55
2026-10-01T06:49:24.0758207Z 
2026-10-01T06:49:24.0758637Z     attachment #1: screenshot (image/png) ──────────────────────────────────────────────────────────
2026-10-01T06:49:24.0759457Z     .build/browser-results/map-cards-1280px-map-first-d4119-he-marker-and-opens-details-journeys/test-failed-1.png
2026-10-01T06:49:24.0760681Z     ────────────────────────────────────────────────────────────────────────────────────────────────
2026-10-01T06:49:24.0760982Z 
2026-10-01T06:49:24.0761483Z     Error Context: .build/browser-results/map-cards-1280px-map-first-d4119-he-marker-and-opens-details-journeys/error-context.md
2026-10-01T06:49:24.0762018Z 
2026-10-01T06:49:24.0762412Z     attachment #3: trace (application/zip) ─────────────────────────────────────────────────────────
2026-10-01T06:49:24.0763164Z     .build/browser-results/map-cards-1280px-map-first-d4119-he-marker-and-opens-details-journeys/trace.zip
2026-10-01T06:49:24.0763697Z     Usage:
2026-10-01T06:49:24.0763812Z 
2026-10-01T06:49:24.0764356Z         npx playwright show-trace .build/browser-results/map-cards-1280px-map-first-d4119-he-marker-and-opens-details-journeys/trace.zip
2026-10-01T06:49:24.0764910Z 
2026-10-01T06:49:24.0765256Z     ────────────────────────────────────────────────────────────────────────────────────────────────
2026-10-01T06:49:24.0765548Z 
2026-10-01T06:49:24.0766195Z   20) [journeys] › tests/browser/map-cards.spec.mjs:74:45 › 1440px: map first, search opens three point cards, selection follows the marker and opens details 
2026-10-01T06:49:24.0766910Z 
2026-10-01T06:49:24.0767068Z     Error: expect(locator).toBeVisible() failed
2026-10-01T06:49:24.0767285Z 
2026-10-01T06:49:24.0767424Z     Locator: locator('.provider-pin').first()
2026-10-01T06:49:24.0767723Z     Expected: visible
2026-10-01T06:49:24.0767944Z     Timeout: 5000ms
2026-10-01T06:49:24.0768187Z     Error: element(s) not found
2026-10-01T06:49:24.0768354Z 
2026-10-01T06:49:24.0768442Z     Call log:
2026-10-01T06:49:24.0768813Z       - Expect "toBeVisible" locator('.provider-pin').first() with timeout 5000ms
2026-10-01T06:49:24.0769298Z       - waiting for locator('.provider-pin').first()
2026-10-01T06:49:24.0769529Z 
2026-10-01T06:49:24.0769534Z 
2026-10-01T06:49:24.0769997Z       77 |   await expect(page.locator(".discovery-panel")).not.toBeVisible();
2026-10-01T06:49:24.0770639Z       78 |   await expect(page.locator(".map-search-launch")).toBeVisible();
2026-10-01T06:49:24.0771168Z     > 79 |   await expect(page.locator(".provider-pin").first()).toBeVisible();
2026-10-01T06:49:24.0771634Z          |                                                       ^
2026-10-01T06:49:24.0772011Z       80 |   await search(page); await checkCards(page);
2026-10-01T06:49:24.0772498Z       81 |   if (width >= 1280) await expect(page.locator('.map-card-rail')).toHaveCount(0);
2026-10-01T06:49:24.0773304Z       82 |   const suggested = await page.locator(".provider-pin.suggested").evaluateAll(ns => ns.map(n => n.dataset.providerId).sort());
2026-10-01T06:49:24.0774249Z         at /home/runner/work/equalpath-web/equalpath-web/tests/browser/map-cards.spec.mjs:79:55
2026-10-01T06:49:24.0774630Z 
2026-10-01T06:49:24.0775042Z     attachment #1: screenshot (image/png) ──────────────────────────────────────────────────────────
2026-10-01T06:49:24.0775831Z     .build/browser-results/map-cards-1440px-map-first-10446-he-marker-and-opens-details-journeys/test-failed-1.png
2026-10-01T06:49:24.0776664Z     ────────────────────────────────────────────────────────────────────────────────────────────────
2026-10-01T06:49:24.0776954Z 
2026-10-01T06:49:24.0777452Z     Error Context: .build/browser-results/map-cards-1440px-map-first-10446-he-marker-and-opens-details-journeys/error-context.md
2026-10-01T06:49:24.0777983Z 
2026-10-01T06:49:24.0778369Z     attachment #3: trace (application/zip) ─────────────────────────────────────────────────────────
2026-10-01T06:49:24.0779117Z     .build/browser-results/map-cards-1440px-map-first-10446-he-marker-and-opens-details-journeys/trace.zip
2026-10-01T06:49:24.0779641Z     Usage:
2026-10-01T06:49:24.0779987Z 
2026-10-01T06:49:24.0780670Z         npx playwright show-trace .build/browser-results/map-cards-1440px-map-first-10446-he-marker-and-opens-details-journeys/trace.zip
2026-10-01T06:49:24.0781224Z 
2026-10-01T06:49:24.0781576Z     ────────────────────────────────────────────────────────────────────────────────────────────────
2026-10-01T06:49:24.0781877Z 
2026-10-01T06:49:24.0782441Z   21) [journeys] › tests/browser/map-cards.spec.mjs:139:1 › coincident recommendations remain separate; keyboard and reduced motion work 
2026-10-01T06:49:24.0782948Z 
2026-10-01T06:49:24.0783141Z     Error: expect(locator).toHaveAttribute(expected) failed
2026-10-01T06:49:24.0783387Z 
2026-10-01T06:49:24.0783513Z     Locator:  locator('.map-first')
2026-10-01T06:49:24.0783780Z     Expected: "true"
2026-10-01T06:49:24.0784002Z     Received: "false"
2026-10-01T06:49:24.0784219Z     Timeout:  5000ms
2026-10-01T06:49:24.0784350Z 
2026-10-01T06:49:24.0784430Z     Call log:
2026-10-01T06:49:24.0784793Z       - Expect "toHaveAttribute" locator('.map-first') with timeout 5000ms
2026-10-01T06:49:24.0785216Z       - waiting for locator('.map-first')
2026-10-01T06:49:24.0786123Z         14 × locator resolved to <main tabindex="-1" data-mode="live" data-reduced="false" data-search-state="pending" class="equalpath map-first light mobile-map">…</main>
2026-10-01T06:49:24.0787052Z            - unexpected value "false"
2026-10-01T06:49:24.0787232Z 
2026-10-01T06:49:24.0787237Z 
2026-10-01T06:49:24.0787559Z       147 |   await openSearch(page); await expect(page.locator("#deadline")).toHaveValue("15:45");
2026-10-01T06:49:24.0788227Z       148 |   await page.getByRole("button", { name: "Close search panel", exact: true }).click();
2026-10-01T06:49:24.0788876Z     > 149 |   await expect(page.locator(".map-first")).toHaveAttribute("data-reduced", "true");
2026-10-01T06:49:24.0789358Z           |                                            ^
2026-10-01T06:49:24.0789644Z       150 | });
2026-10-01T06:49:24.0790357Z       151 |
2026-10-01T06:49:24.0790981Z       152 | test("cards and drawer fade out without leaving invisible interactive controls", async ({ page }) => {
2026-10-01T06:49:24.0791734Z         at /home/runner/work/equalpath-web/equalpath-web/tests/browser/map-cards.spec.mjs:149:44
2026-10-01T06:49:24.0792102Z 
2026-10-01T06:49:24.0792519Z     attachment #1: screenshot (image/png) ──────────────────────────────────────────────────────────
2026-10-01T06:49:24.0793323Z     .build/browser-results/map-cards-coincident-recom-dabe6-ard-and-reduced-motion-work-journeys/test-failed-1.png
2026-10-01T06:49:24.0794169Z     ────────────────────────────────────────────────────────────────────────────────────────────────
2026-10-01T06:49:24.0794456Z 
2026-10-01T06:49:24.0794958Z     Error Context: .build/browser-results/map-cards-coincident-recom-dabe6-ard-and-reduced-motion-work-journeys/error-context.md
2026-10-01T06:49:24.0795498Z 
2026-10-01T06:49:24.0795891Z     attachment #3: trace (application/zip) ─────────────────────────────────────────────────────────
2026-10-01T06:49:24.0796666Z     .build/browser-results/map-cards-coincident-recom-dabe6-ard-and-reduced-motion-work-journeys/trace.zip
2026-10-01T06:49:24.0797204Z     Usage:
2026-10-01T06:49:24.0797316Z 
2026-10-01T06:49:24.0797848Z         npx playwright show-trace .build/browser-results/map-cards-coincident-recom-dabe6-ard-and-reduced-motion-work-journeys/trace.zip
2026-10-01T06:49:24.0798425Z 
2026-10-01T06:49:24.0798771Z     ────────────────────────────────────────────────────────────────────────────────────────────────
2026-10-01T06:49:24.0799055Z 
2026-10-01T06:49:24.0799138Z   21 failed
2026-10-01T06:49:24.0800175Z     [journeys] › tests/browser/care-types.spec.mjs:77:1 › a delayed response from regular care cannot replace short-term results after switching 
2026-10-01T06:49:24.0801318Z     [journeys] › tests/browser/compare-refresh.spec.mjs:31:44 › 320px comparison keeps facts aligned and actions inside their columns 
2026-10-01T06:49:24.0802363Z     [journeys] › tests/browser/compare-refresh.spec.mjs:31:44 › 390px comparison keeps facts aligned and actions inside their columns 
2026-10-01T06:49:24.0803381Z     [journeys] › tests/browser/compare-refresh.spec.mjs:31:44 › 768px comparison keeps facts aligned and actions inside their columns 
2026-10-01T06:49:24.0804418Z     [journeys] › tests/browser/compare-refresh.spec.mjs:31:44 › 1440px comparison keeps facts aligned and actions inside their columns 
2026-10-01T06:49:24.0805593Z     [journeys] › tests/browser/compare-refresh.spec.mjs:63:1 › long term comparison does not show short visit or invented care times 
2026-10-01T06:49:24.0806551Z     [journeys] › tests/browser/compare-refresh.spec.mjs:70:1 › map picking and notices use contained rounded controls 
2026-10-01T06:49:24.0807728Z     [journeys] › tests/browser/contact-priority.spec.mjs:8:1 › contact priority stays consistent across results, map and comparison, with a contact-free second-page fallback 
2026-10-01T06:49:24.0809027Z     [journeys] › tests/browser/location-actions.spec.mjs:34:3 › 320px: both location actions are direct and map selection shows You 
2026-10-01T06:49:24.0810425Z     [journeys] › tests/browser/location-actions.spec.mjs:34:3 › 390px: both location actions are direct and map selection shows You 
2026-10-01T06:49:24.0811447Z     [journeys] › tests/browser/location-actions.spec.mjs:34:3 › 768px: both location actions are direct and map selection shows You 
2026-10-01T06:49:24.0812474Z     [journeys] › tests/browser/location-actions.spec.mjs:34:3 › 1440px: both location actions are direct and map selection shows You 
2026-10-01T06:49:24.0813482Z     [journeys] › tests/browser/location-actions.spec.mjs:63:1 › device location runs only on click, stops its watch, and shows You 
2026-10-01T06:49:24.0814516Z     [journeys] › tests/browser/location-actions.spec.mjs:73:1 › blocked device location leaves the manual map action directly available 
2026-10-01T06:49:24.0815612Z     [journeys] › tests/browser/location-actions.spec.mjs:83:1 › switching to map selection cancels device location and ignores a late response 
2026-10-01T06:49:24.0816718Z     [journeys] › tests/browser/map-cards.spec.mjs:32:1 › before a search, a map card can be saved and comparison asks for the missing visit details 
2026-10-01T06:49:24.0817863Z     [journeys] › tests/browser/map-cards.spec.mjs:74:45 › 320px: map first, search opens three point cards, selection follows the marker and opens details 
2026-10-01T06:49:24.0819033Z     [journeys] › tests/browser/map-cards.spec.mjs:74:45 › 390px: map first, search opens three point cards, selection follows the marker and opens details 
2026-10-01T06:49:24.0820556Z     [journeys] › tests/browser/map-cards.spec.mjs:74:45 › 1280px: map first, search opens three point cards, selection follows the marker and opens details 
2026-10-01T06:49:24.0821740Z     [journeys] › tests/browser/map-cards.spec.mjs:74:45 › 1440px: map first, search opens three point cards, selection follows the marker and opens details 
2026-10-01T06:49:24.0822843Z     [journeys] › tests/browser/map-cards.spec.mjs:139:1 › coincident recommendations remain separate; keyboard and reduced motion work 
2026-10-01T06:49:24.0823433Z   38 passed (8.1m)
2026-10-01T06:49:24.0833894Z ##[error]Process completed with exit code 1.
2026-10-01T06:49:24.0917066Z ##[group]Run actions/upload-artifact@ea165f8d65b6e75b540449e92b4886f43607fa02
2026-10-01T06:49:24.0917530Z with:
2026-10-01T06:49:24.0917764Z   name: browser-test-evidence-journeys-1
2026-10-01T06:49:24.0918099Z   path: .build/browser-results
.build/ci-evidence

2026-10-01T06:49:24.0918436Z   include-hidden-files: true
2026-10-01T06:49:24.0918691Z   retention-days: 7
2026-10-01T06:49:24.0918909Z   if-no-files-found: warn
2026-10-01T06:49:24.0919138Z   compression-level: 6
2026-10-01T06:49:24.0919349Z   overwrite: false
2026-10-01T06:49:24.0919560Z ##[endgroup]
2026-10-01T06:49:24.2586153Z (node:7696) [DEP0040] DeprecationWarning: The `punycode` module is deprecated. Please use a userland alternative instead.
2026-10-01T06:49:24.2587028Z (Use `node --trace-deprecation ...` to show where the warning was created)
2026-10-01T06:49:24.2857821Z Multiple search paths detected. Calculating the least common ancestor of all paths
2026-10-01T06:49:24.2860489Z The least common ancestor is /home/runner/work/equalpath-web/equalpath-web/.build. This will be the root directory of the artifact
2026-10-01T06:49:24.2861750Z With the provided path, there will be 105 files uploaded
2026-10-01T06:49:24.2866500Z Artifact name is valid!
2026-10-01T06:49:24.2867121Z Root directory input is valid!
2026-10-01T06:49:24.4940831Z Beginning upload of artifact content to blob storage
2026-10-01T06:49:24.7922907Z (node:7696) [DEP0169] DeprecationWarning: `url.parse()` behavior is not standardized and prone to errors that have security implications. Use the WHATWG URL API instead. CVEs are not issued for `url.parse()` vulnerabilities.
2026-10-01T06:49:25.0038826Z Uploaded bytes 8388608
2026-10-01T06:49:25.1822847Z Uploaded bytes 16777216
2026-10-01T06:49:25.5503358Z Uploaded bytes 25165824
2026-10-01T06:49:25.8057266Z Uploaded bytes 33554432
2026-10-01T06:49:26.0529855Z Uploaded bytes 41943040
2026-10-01T06:49:26.1405057Z Uploaded bytes 44883408
2026-10-01T06:49:26.1585899Z Finished uploading artifact content to blob storage!
2026-10-01T06:49:26.1589518Z SHA256 digest of uploaded artifact zip is 0849e17d4574a33015391a383398813ebe28c821fc4bc1193d587c7b8178b04b
2026-10-01T06:49:26.1592046Z Finalizing artifact upload
2026-10-01T06:49:26.3618952Z Artifact browser-test-evidence-journeys-1.zip successfully finalized. Artifact ID 11144709007
2026-10-01T06:49:26.3621257Z Artifact browser-test-evidence-journeys-1 has been successfully uploaded! Final size is 44883408 bytes. Artifact ID is 11144709007
2026-10-01T06:49:26.3628779Z Artifact download URL: https://github.com/Cheolhwi/equalpath-web/actions/runs/36826038484/artifacts/11144709007
2026-10-01T06:49:26.3850127Z Post job cleanup.
2026-10-01T06:49:26.4690482Z [command]/usr/bin/git version
2026-10-01T06:49:26.4726557Z git version 2.55.0
2026-10-01T06:49:26.4802866Z Temporarily overriding HOME='/home/runner/work/_temp/debae098-5bda-45aa-ac9e-f6e5ec1e1beb' before making global git config changes
2026-10-01T06:49:26.4804656Z Adding repository directory to the temporary git global config as a safe directory
2026-10-01T06:49:26.4809142Z [command]/usr/bin/git config --global --add safe.directory /home/runner/work/equalpath-web/equalpath-web
2026-10-01T06:49:26.4843720Z Removing SSH command configuration
2026-10-01T06:49:26.4853077Z [command]/usr/bin/git config --local --name-only --get-regexp core\.sshCommand
2026-10-01T06:49:26.4895385Z [command]/usr/bin/git submodule foreach --recursive sh -c "git config --local --name-only --get-regexp 'core\.sshCommand' && git config --local --unset-all 'core.sshCommand' || :"
2026-10-01T06:49:26.5157114Z Removing HTTP extra header
2026-10-01T06:49:26.5163115Z [command]/usr/bin/git config --local --name-only --get-regexp http\.https\:\/\/github\.com\/\.extraheader
2026-10-01T06:49:26.5197996Z [command]/usr/bin/git submodule foreach --recursive sh -c "git config --local --name-only --get-regexp 'http\.https\:\/\/github\.com\/\.extraheader' && git config --local --unset-all 'http.https://github.com/.extraheader' || :"
2026-10-01T06:49:26.5456408Z Removing includeIf entries pointing to credentials config files
2026-10-01T06:49:26.5463941Z [command]/usr/bin/git config --local --name-only --get-regexp ^includeIf\.gitdir:
2026-10-01T06:49:26.5495983Z includeif.gitdir:/home/runner/work/equalpath-web/equalpath-web/.git.path
2026-10-01T06:49:26.5497358Z includeif.gitdir:/home/runner/work/equalpath-web/equalpath-web/.git/worktrees/*.path
2026-10-01T06:49:26.5498551Z includeif.gitdir:/github/workspace/.git.path
2026-10-01T06:49:26.5499589Z includeif.gitdir:/github/workspace/.git/worktrees/*.path
2026-10-01T06:49:26.5506432Z [command]/usr/bin/git config --local --get-all includeif.gitdir:/home/runner/work/equalpath-web/equalpath-web/.git.path
2026-10-01T06:49:26.5533219Z /home/runner/work/_temp/git-credentials-9643b199-c43a-4135-b9de-6e452feb1c75.config
2026-10-01T06:49:26.5545676Z [command]/usr/bin/git config --local --unset includeif.gitdir:/home/runner/work/equalpath-web/equalpath-web/.git.path /home/runner/work/_temp/git-credentials-9643b199-c43a-4135-b9de-6e452feb1c75.config
2026-10-01T06:49:26.5587617Z [command]/usr/bin/git config --local --get-all includeif.gitdir:/home/runner/work/equalpath-web/equalpath-web/.git/worktrees/*.path
2026-10-01T06:49:26.5614576Z /home/runner/work/_temp/git-credentials-9643b199-c43a-4135-b9de-6e452feb1c75.config
2026-10-01T06:49:26.5625752Z [command]/usr/bin/git config --local --unset includeif.gitdir:/home/runner/work/equalpath-web/equalpath-web/.git/worktrees/*.path /home/runner/work/_temp/git-credentials-9643b199-c43a-4135-b9de-6e452feb1c75.config
2026-10-01T06:49:26.5680351Z [command]/usr/bin/git config --local --get-all includeif.gitdir:/github/workspace/.git.path
2026-10-01T06:49:26.5707173Z /github/runner_temp/git-credentials-9643b199-c43a-4135-b9de-6e452feb1c75.config
2026-10-01T06:49:26.5716597Z [command]/usr/bin/git config --local --unset includeif.gitdir:/github/workspace/.git.path /github/runner_temp/git-credentials-9643b199-c43a-4135-b9de-6e452feb1c75.config
2026-10-01T06:49:26.5761721Z [command]/usr/bin/git config --local --get-all includeif.gitdir:/github/workspace/.git/worktrees/*.path
2026-10-01T06:49:26.5790455Z /github/runner_temp/git-credentials-9643b199-c43a-4135-b9de-6e452feb1c75.config
2026-10-01T06:49:26.5803990Z [command]/usr/bin/git config --local --unset includeif.gitdir:/github/workspace/.git/worktrees/*.path /github/runner_temp/git-credentials-9643b199-c43a-4135-b9de-6e452feb1c75.config
2026-10-01T06:49:26.5850812Z [command]/usr/bin/git submodule foreach --recursive git config --local --show-origin --name-only --get-regexp remote.origin.url
2026-10-01T06:49:26.6104881Z Removing credentials config '/home/runner/work/_temp/git-credentials-9643b199-c43a-4135-b9de-6e452feb1c75.config'
2026-10-01T06:49:26.6262239Z Cleaning up orphan processes
2026-10-01T06:49:26.6570817Z ##[warning]Node.js 20 is deprecated. The following actions target Node.js 20 but are being forced to run on Node.js 24: actions/upload-artifact@ea165f8d65b6e75b540449e92b4886f43607fa02. For more information see: https://github.blog/changelog/2025-09-19-deprecation-of-node-20-on-github-actions-runners/
